GID_1,GID_0,NAME_0,lookup
ABW.1,ABW,Aruba,1
AIA.1,AIA,Anguilla,54
ATA.1,ATA,Antarctica,136
BLM.1,BLM,Saint-BarthÃ©lemy,302
BVT.1,BVT,Bouvet Island,397
CCK.1,CCK,Cocos Islands,444
COK.1,COK,Cook Islands,580
CUW.1,CUW,CuraÃ§ao,661
CXR.1,CXR,Christmas Island,662
FLK.1,FLK,Falkland Islands,921
GIB.1,GIB,Gibraltar,995
HMD.1,HMD,Heard Island and McDonald Islands,1119
IOT.1,IOT,British Indian Ocean Territory,1264
KIR.1,KIR,Kiribati,1555
MAF.1,MAF,Saint-Martin,1732
MCO.1,MCO,Monaco,1748
MDV.1,MDV,Maldives,1792
MHL.1,MHL,Marshall Islands,1825
NFK.1,NFK,Norfolk Island,2115
NIU.1,NIU,Niue,2171
PCN.1,PCN,Pitcairn Islands,2275
SGS.1,SGS,South Georgia and the South Sandwich Islands,2765
SXM.1,SXM,Sint Maarten,2920
VAT.1,VAT,Vatican City,3448
XCL.1,XCL,Clipperton Island,3573
XPI.1,XPI,Paracel Islands,3586
XSP.1,XSP,Spratly Islands,3587
AFG.1_1,AFG,Afghanistan,2
AFG.2_1,AFG,Afghanistan,13
AFG.3_1,AFG,Afghanistan,24
AFG.4_1,AFG,Afghanistan,30
AFG.5_1,AFG,Afghanistan,31
AFG.6_1,AFG,Afghanistan,32
AFG.7_1,AFG,Afghanistan,33
AFG.8_1,AFG,Afghanistan,34
AFG.9_1,AFG,Afghanistan,35
AFG.10_1,AFG,Afghanistan,3
AFG.11_1,AFG,Afghanistan,4
AFG.12_1,AFG,Afghanistan,5
AFG.13_1,AFG,Afghanistan,6
AFG.14_1,AFG,Afghanistan,7
AFG.15_1,AFG,Afghanistan,8
AFG.16_1,AFG,Afghanistan,9
AFG.17_1,AFG,Afghanistan,10
AFG.18_1,AFG,Afghanistan,11
AFG.19_1,AFG,Afghanistan,12
AFG.20_1,AFG,Afghanistan,14
AFG.21_1,AFG,Afghanistan,15
AFG.22_1,AFG,Afghanistan,16
AFG.23_1,AFG,Afghanistan,17
AFG.24_1,AFG,Afghanistan,18
AFG.25_1,AFG,Afghanistan,19
AFG.26_1,AFG,Afghanistan,20
AFG.27_1,AFG,Afghanistan,21
AFG.28_1,AFG,Afghanistan,22
AFG.29_1,AFG,Afghanistan,23
AFG.30_1,AFG,Afghanistan,25
AFG.31_1,AFG,Afghanistan,26
AFG.32_1,AFG,Afghanistan,27
AFG.33_1,AFG,Afghanistan,28
AFG.34_1,AFG,Afghanistan,29
AGO.1_1,AGO,Angola,36
AGO.2_1,AGO,Angola,46
AGO.3_1,AGO,Angola,47
AGO.4_1,AGO,Angola,48
AGO.5_1,AGO,Angola,49
AGO.6_1,AGO,Angola,50
AGO.7_1,AGO,Angola,51
AGO.8_1,AGO,Angola,52
AGO.9_1,AGO,Angola,53
AGO.10_1,AGO,Angola,37
AGO.11_1,AGO,Angola,38
AGO.12_1,AGO,Angola,39
AGO.13_1,AGO,Angola,40
AGO.14_1,AGO,Angola,41
AGO.15_1,AGO,Angola,42
AGO.16_1,AGO,Angola,43
AGO.17_1,AGO,Angola,44
AGO.18_1,AGO,Angola,45
ALA.1_1,ALA,Ãland,55
ALA.2_1,ALA,Ãland,63
ALA.3_1,ALA,Ãland,64
ALA.4_1,ALA,Ãland,65
ALA.5_1,ALA,Ãland,66
ALA.6_1,ALA,Ãland,67
ALA.7_1,ALA,Ãland,68
ALA.8_1,ALA,Ãland,69
ALA.9_1,ALA,Ãland,70
ALA.10_1,ALA,Ãland,56
ALA.11_1,ALA,Ãland,57
ALA.12_1,ALA,Ãland,58
ALA.13_1,ALA,Ãland,59
ALA.14_1,ALA,Ãland,60
ALA.15_1,ALA,Ãland,61
ALA.16_1,ALA,Ãland,62
ALB.1_1,ALB,Albania,71
ALB.2_1,ALB,Albania,75
ALB.3_1,ALB,Albania,76
ALB.4_1,ALB,Albania,77
ALB.5_1,ALB,Albania,78
ALB.6_1,ALB,Albania,79
ALB.7_1,ALB,Albania,80
ALB.8_1,ALB,Albania,81
ALB.9_1,ALB,Albania,82
ALB.10_1,ALB,Albania,72
ALB.11_1,ALB,Albania,73
ALB.12_1,ALB,Albania,74
AND.1_1,AND,Andorra,83
AND.2_1,AND,Andorra,84
AND.3_1,AND,Andorra,85
AND.4_1,AND,Andorra,86
AND.5_1,AND,Andorra,87
AND.6_1,AND,Andorra,88
AND.7_1,AND,Andorra,89
ARE.1_1,ARE,United Arab Emirates,90
ARE.2_1,ARE,United Arab Emirates,91
ARE.3_1,ARE,United Arab Emirates,92
ARE.4_1,ARE,United Arab Emirates,93
ARE.5_1,ARE,United Arab Emirates,94
ARE.6_1,ARE,United Arab Emirates,95
ARE.7_1,ARE,United Arab Emirates,96
ARG.1_1,ARG,Argentina,97
ARG.2_1,ARG,Argentina,108
ARG.3_1,ARG,Argentina,114
ARG.4_1,ARG,Argentina,115
ARG.5_1,ARG,Argentina,116
ARG.6_1,ARG,Argentina,117
ARG.7_1,ARG,Argentina,118
ARG.8_1,ARG,Argentina,119
ARG.9_1,ARG,Argentina,120
ARG.10_1,ARG,Argentina,98
ARG.11_1,ARG,Argentina,99
ARG.12_1,ARG,Argentina,100
ARG.13_1,ARG,Argentina,101
ARG.14_1,ARG,Argentina,102
ARG.15_1,ARG,Argentina,103
ARG.16_1,ARG,Argentina,104
ARG.17_1,ARG,Argentina,105
ARG.18_1,ARG,Argentina,106
ARG.19_1,ARG,Argentina,107
ARG.20_1,ARG,Argentina,109
ARG.21_1,ARG,Argentina,110
ARG.22_1,ARG,Argentina,111
ARG.23_1,ARG,Argentina,112
ARG.24_1,ARG,Argentina,113
ARM.1_1,ARM,Armenia,121
ARM.2_1,ARM,Armenia,124
ARM.3_1,ARM,Armenia,125
ARM.4_1,ARM,Armenia,126
ARM.5_1,ARM,Armenia,127
ARM.6_1,ARM,Armenia,128
ARM.7_1,ARM,Armenia,129
ARM.8_1,ARM,Armenia,130
ARM.9_1,ARM,Armenia,131
ARM.10_1,ARM,Armenia,122
ARM.11_1,ARM,Armenia,123
ASM.1_1,ASM,American Samoa,132
ASM.2_1,ASM,American Samoa,133
ASM.3_1,ASM,American Samoa,134
ASM.4_1,ASM,American Samoa,135
ATF.1_1,ATF,French Southern Territories,137
ATF.2_1,ATF,French Southern Territories,138
ATF.3_1,ATF,French Southern Territories,139
ATF.4_1,ATF,French Southern Territories,140
ATG.1_1,ATG,Antigua and Barbuda,141
ATG.2_1,ATG,Antigua and Barbuda,142
ATG.3_1,ATG,Antigua and Barbuda,143
ATG.4_1,ATG,Antigua and Barbuda,144
ATG.5_1,ATG,Antigua and Barbuda,145
ATG.6_1,ATG,Antigua and Barbuda,146
ATG.7_1,ATG,Antigua and Barbuda,147
ATG.8_1,ATG,Antigua and Barbuda,148
AUS.1_1,AUS,Australia,149
AUS.2_1,AUS,Australia,152
AUS.3_1,AUS,Australia,153
AUS.4_1,AUS,Australia,154
AUS.5_1,AUS,Australia,155
AUS.6_1,AUS,Australia,156
AUS.7_1,AUS,Australia,157
AUS.8_1,AUS,Australia,158
AUS.9_1,AUS,Australia,159
AUS.10_1,AUS,Australia,150
AUS.11_1,AUS,Australia,151
AUT.1_1,AUT,Austria,160
AUT.2_1,AUT,Austria,161
AUT.3_1,AUT,Austria,162
AUT.4_1,AUT,Austria,163
AUT.5_1,AUT,Austria,164
AUT.6_1,AUT,Austria,165
AUT.7_1,AUT,Austria,166
AUT.8_1,AUT,Austria,167
AUT.9_1,AUT,Austria,168
AZE.1_1,AZE,Azerbaijan,169
AZE.2_1,AZE,Azerbaijan,171
AZE.3_1,AZE,Azerbaijan,172
AZE.4_1,AZE,Azerbaijan,173
AZE.5_1,AZE,Azerbaijan,174
AZE.6_1,AZE,Azerbaijan,175
AZE.7_1,AZE,Azerbaijan,176
AZE.8_1,AZE,Azerbaijan,177
AZE.9_1,AZE,Azerbaijan,178
AZE.10_1,AZE,Azerbaijan,170
BDI.1_1,BDI,Burundi,179
BDI.2_1,BDI,Burundi,188
BDI.3_1,BDI,Burundi,189
BDI.4_1,BDI,Burundi,190
BDI.5_1,BDI,Burundi,191
BDI.6_1,BDI,Burundi,192
BDI.7_1,BDI,Burundi,193
BDI.8_1,BDI,Burundi,194
BDI.9_1,BDI,Burundi,195
BDI.10_1,BDI,Burundi,180
BDI.11_1,BDI,Burundi,181
BDI.12_1,BDI,Burundi,182
BDI.13_1,BDI,Burundi,183
BDI.14_1,BDI,Burundi,184
BDI.15_1,BDI,Burundi,185
BDI.16_1,BDI,Burundi,186
BDI.17_1,BDI,Burundi,187
BEL.1_1,BEL,Belgium,196
BEL.2_1,BEL,Belgium,197
BEL.3_1,BEL,Belgium,198
BEN.1_1,BEN,Benin,199
BEN.2_1,BEN,Benin,203
BEN.3_1,BEN,Benin,204
BEN.4_1,BEN,Benin,205
BEN.5_1,BEN,Benin,206
BEN.6_1,BEN,Benin,207
BEN.7_1,BEN,Benin,208
BEN.8_1,BEN,Benin,209
BEN.9_1,BEN,Benin,210
BEN.10_1,BEN,Benin,200
BEN.11_1,BEN,Benin,201
BEN.12_1,BEN,Benin,202
BES.1_1,BES,"Bonaire, Sint Eustatius and Saba",211
BES.2_1,BES,"Bonaire, Sint Eustatius and Saba",212
BES.3_1,BES,"Bonaire, Sint Eustatius and Saba",213
BFA.1_1,BFA,Burkina Faso,214
BFA.2_1,BFA,Burkina Faso,219
BFA.7_1,BFA,Burkina Faso,224
BFA.3_1,BFA,Burkina Faso,220
BFA.4_1,BFA,Burkina Faso,221
BFA.5_1,BFA,Burkina Faso,222
BFA.6_1,BFA,Burkina Faso,223
BFA.8_1,BFA,Burkina Faso,225
BFA.9_1,BFA,Burkina Faso,226
BFA.10_1,BFA,Burkina Faso,215
BFA.11_1,BFA,Burkina Faso,216
BFA.12_1,BFA,Burkina Faso,217
BFA.13_1,BFA,Burkina Faso,218
BGD.1_1,BGD,Bangladesh,227
BGD.2_1,BGD,Bangladesh,228
BGD.3_1,BGD,Bangladesh,229
BGD.4_1,BGD,Bangladesh,230
BGD.5_1,BGD,Bangladesh,231
BGD.6_1,BGD,Bangladesh,232
BGD.7_1,BGD,Bangladesh,233
BGR.1_1,BGR,Bulgaria,234
BGR.2_1,BGR,Bulgaria,245
BGR.3_1,BGR,Bulgaria,255
BGR.4_1,BGR,Bulgaria,256
BGR.5_1,BGR,Bulgaria,257
BGR.6_1,BGR,Bulgaria,258
BGR.7_1,BGR,Bulgaria,259
BGR.8_1,BGR,Bulgaria,260
BGR.9_1,BGR,Bulgaria,261
BGR.10_1,BGR,Bulgaria,235
BGR.11_1,BGR,Bulgaria,236
BGR.12_1,BGR,Bulgaria,237
BGR.13_1,BGR,Bulgaria,238
BGR.14_1,BGR,Bulgaria,239
BGR.15_1,BGR,Bulgaria,240
BGR.16_1,BGR,Bulgaria,241
BGR.17_1,BGR,Bulgaria,242
BGR.18_1,BGR,Bulgaria,243
BGR.19_1,BGR,Bulgaria,244
BGR.20_1,BGR,Bulgaria,246
BGR.21_1,BGR,Bulgaria,247
BGR.22_1,BGR,Bulgaria,248
BGR.23_1,BGR,Bulgaria,249
BGR.24_1,BGR,Bulgaria,250
BGR.25_1,BGR,Bulgaria,251
BGR.26_1,BGR,Bulgaria,252
BGR.27_1,BGR,Bulgaria,253
BGR.28_1,BGR,Bulgaria,254
BHR.1_1,BHR,Bahrain,262
BHR.2_1,BHR,Bahrain,263
BHR.3_1,BHR,Bahrain,264
BHR.4_1,BHR,Bahrain,265
BHR.5_1,BHR,Bahrain,266
BHS.1_1,BHS,Bahamas,267
BHS.2_1,BHS,Bahamas,278
BHS.3_1,BHS,Bahamas,289
BHS.4_1,BHS,Bahamas,293
BHS.5_1,BHS,Bahamas,294
BHS.6_1,BHS,Bahamas,295
BHS.7_1,BHS,Bahamas,296
BHS.8_1,BHS,Bahamas,297
BHS.9_1,BHS,Bahamas,298
BHS.10_1,BHS,Bahamas,268
BHS.11_1,BHS,Bahamas,269
BHS.12_1,BHS,Bahamas,270
BHS.13_1,BHS,Bahamas,271
BHS.14_1,BHS,Bahamas,272
BHS.15_1,BHS,Bahamas,273
BHS.16_1,BHS,Bahamas,274
BHS.17_1,BHS,Bahamas,275
BHS.18_1,BHS,Bahamas,276
BHS.19_1,BHS,Bahamas,277
BHS.20_1,BHS,Bahamas,279
BHS.21_1,BHS,Bahamas,280
BHS.22_1,BHS,Bahamas,281
BHS.23_1,BHS,Bahamas,282
BHS.24_1,BHS,Bahamas,283
BHS.25_1,BHS,Bahamas,284
BHS.26_1,BHS,Bahamas,285
BHS.27_1,BHS,Bahamas,286
BHS.28_1,BHS,Bahamas,287
BHS.29_1,BHS,Bahamas,288
BHS.30_1,BHS,Bahamas,290
BHS.31_1,BHS,Bahamas,291
BHS.32_1,BHS,Bahamas,292
BIH.1_1,BIH,Bosnia and Herzegovina,299
BIH.2_1,BIH,Bosnia and Herzegovina,300
BIH.3_1,BIH,Bosnia and Herzegovina,301
BLR.1_1,BLR,Belarus,303
BLR.2_1,BLR,Belarus,304
BLR.3_1,BLR,Belarus,305
BLR.4_1,BLR,Belarus,306
BLR.5_1,BLR,Belarus,307
BLR.6_1,BLR,Belarus,308
BLZ.1_1,BLZ,Belize,309
BLZ.2_1,BLZ,Belize,310
BLZ.3_1,BLZ,Belize,311
BLZ.4_1,BLZ,Belize,312
BLZ.5_1,BLZ,Belize,313
BLZ.6_1,BLZ,Belize,314
BMU.1_1,BMU,Bermuda,315
BMU.2_1,BMU,Bermuda,318
BMU.3_1,BMU,Bermuda,319
BMU.4_1,BMU,Bermuda,320
BMU.5_1,BMU,Bermuda,321
BMU.6_1,BMU,Bermuda,322
BMU.7_1,BMU,Bermuda,323
BMU.8_1,BMU,Bermuda,324
BMU.9_1,BMU,Bermuda,325
BMU.10_1,BMU,Bermuda,316
BMU.11_1,BMU,Bermuda,317
BOL.1_1,BOL,Bolivia,326
BOL.2_1,BOL,Bolivia,327
BOL.3_1,BOL,Bolivia,328
BOL.4_1,BOL,Bolivia,329
BOL.5_1,BOL,Bolivia,330
BOL.6_1,BOL,Bolivia,331
BOL.7_1,BOL,Bolivia,332
BOL.8_1,BOL,Bolivia,333
BOL.9_1,BOL,Bolivia,334
BRA.1_1,BRA,Brazil,335
BRA.2_1,BRA,Brazil,346
BRA.3_1,BRA,Brazil,355
BRA.4_1,BRA,Brazil,356
BRA.5_1,BRA,Brazil,357
BRA.6_1,BRA,Brazil,358
BRA.7_1,BRA,Brazil,359
BRA.8_1,BRA,Brazil,360
BRA.9_1,BRA,Brazil,361
BRA.10_1,BRA,Brazil,336
BRA.12_1,BRA,Brazil,338
BRA.11_1,BRA,Brazil,337
BRA.13_1,BRA,Brazil,339
BRA.14_1,BRA,Brazil,340
BRA.15_1,BRA,Brazil,341
BRA.16_1,BRA,Brazil,342
BRA.17_1,BRA,Brazil,343
BRA.18_1,BRA,Brazil,344
BRA.19_1,BRA,Brazil,345
BRA.20_1,BRA,Brazil,347
BRA.21_1,BRA,Brazil,348
BRA.22_1,BRA,Brazil,349
BRA.23_1,BRA,Brazil,350
BRA.24_1,BRA,Brazil,351
BRA.25_1,BRA,Brazil,352
BRA.26_1,BRA,Brazil,353
BRA.27_1,BRA,Brazil,354
BRB.1_1,BRB,Barbados,362
BRB.2_1,BRB,Barbados,365
BRB.3_1,BRB,Barbados,366
BRB.4_1,BRB,Barbados,367
BRB.5_1,BRB,Barbados,368
BRB.6_1,BRB,Barbados,369
BRB.7_1,BRB,Barbados,370
BRB.8_1,BRB,Barbados,371
BRB.9_1,BRB,Barbados,372
BRB.10_1,BRB,Barbados,363
BRB.11_1,BRB,Barbados,364
BRN.1_1,BRN,Brunei,373
BRN.2_1,BRN,Brunei,374
BRN.3_1,BRN,Brunei,375
BRN.4_1,BRN,Brunei,376
BTN.1_1,BTN,Bhutan,377
BTN.2_1,BTN,Bhutan,388
BTN.3_1,BTN,Bhutan,390
BTN.4_1,BTN,Bhutan,391
BTN.5_1,BTN,Bhutan,392
BTN.6_1,BTN,Bhutan,393
BTN.7_1,BTN,Bhutan,394
BTN.8_1,BTN,Bhutan,395
BTN.9_1,BTN,Bhutan,396
BTN.10_1,BTN,Bhutan,378
BTN.11_1,BTN,Bhutan,379
BTN.12_1,BTN,Bhutan,380
BTN.13_1,BTN,Bhutan,381
BTN.14_1,BTN,Bhutan,382
BTN.15_1,BTN,Bhutan,383
BTN.16_1,BTN,Bhutan,384
BTN.17_1,BTN,Bhutan,385
BTN.18_1,BTN,Bhutan,386
BTN.19_1,BTN,Bhutan,387
BTN.20_1,BTN,Bhutan,389
BWA.1_1,BWA,Botswana,398
BWA.2_1,BWA,Botswana,406
BWA.3_1,BWA,Botswana,407
BWA.4_1,BWA,Botswana,408
BWA.5_1,BWA,Botswana,409
BWA.6_1,BWA,Botswana,410
BWA.7_1,BWA,Botswana,411
BWA.8_1,BWA,Botswana,412
BWA.9_1,BWA,Botswana,413
BWA.10_1,BWA,Botswana,399
BWA.11_1,BWA,Botswana,400
BWA.12_1,BWA,Botswana,401
BWA.13_1,BWA,Botswana,402
BWA.14_1,BWA,Botswana,403
BWA.15_1,BWA,Botswana,404
BWA.16_1,BWA,Botswana,405
CAF.1_1,CAF,Central African Republic,414
CAF.2_1,CAF,Central African Republic,423
CAF.3_1,CAF,Central African Republic,424
CAF.4_1,CAF,Central African Republic,425
CAF.5_1,CAF,Central African Republic,426
CAF.6_1,CAF,Central African Republic,427
CAF.7_1,CAF,Central African Republic,428
CAF.8_1,CAF,Central African Republic,429
CAF.9_1,CAF,Central African Republic,430
CAF.10_1,CAF,Central African Republic,415
CAF.11_1,CAF,Central African Republic,416
CAF.12_1,CAF,Central African Republic,417
CAF.13_1,CAF,Central African Republic,418
CAF.15_1,CAF,Central African Republic,420
CAF.14_1,CAF,Central African Republic,419
CAF.16_1,CAF,Central African Republic,421
CAF.17_1,CAF,Central African Republic,422
CAN.1_1,CAN,Canada,431
CAN.2_1,CAN,Canada,436
CAN.3_1,CAN,Canada,437
CAN.4_1,CAN,Canada,438
CAN.5_1,CAN,Canada,439
CAN.6_1,CAN,Canada,440
CAN.7_1,CAN,Canada,441
CAN.8_1,CAN,Canada,442
CAN.9_1,CAN,Canada,443
CAN.10_1,CAN,Canada,432
CAN.11_1,CAN,Canada,433
CAN.12_1,CAN,Canada,434
CAN.13_1,CAN,Canada,435
CHE.1_1,CHE,Switzerland,445
CHE.2_1,CHE,Switzerland,456
CHE.3_1,CHE,Switzerland,464
CHE.4_1,CHE,Switzerland,465
CHE.5_1,CHE,Switzerland,466
CHE.6_1,CHE,Switzerland,467
CHE.7_1,CHE,Switzerland,468
CHE.8_1,CHE,Switzerland,469
CHE.9_1,CHE,Switzerland,470
CHE.10_1,CHE,Switzerland,446
CHE.11_1,CHE,Switzerland,447
CHE.12_1,CHE,Switzerland,448
CHE.13_1,CHE,Switzerland,449
CHE.14_1,CHE,Switzerland,450
CHE.15_1,CHE,Switzerland,451
CHE.16_1,CHE,Switzerland,452
CHE.17_1,CHE,Switzerland,453
CHE.18_1,CHE,Switzerland,454
CHE.19_1,CHE,Switzerland,455
CHE.20_1,CHE,Switzerland,457
CHE.21_1,CHE,Switzerland,458
CHE.22_1,CHE,Switzerland,459
CHE.23_1,CHE,Switzerland,460
CHE.24_1,CHE,Switzerland,461
CHE.25_1,CHE,Switzerland,462
CHE.26_1,CHE,Switzerland,463
CHL.1_1,CHL,Chile,471
CHL.2_1,CHL,Chile,479
CHL.3_1,CHL,Chile,480
CHL.4_1,CHL,Chile,481
CHL.5_1,CHL,Chile,482
CHL.6_1,CHL,Chile,483
CHL.7_1,CHL,Chile,484
CHL.8_1,CHL,Chile,485
CHL.9_1,CHL,Chile,486
CHL.10_1,CHL,Chile,472
CHL.11_1,CHL,Chile,473
CHL.12_1,CHL,Chile,474
CHL.13_1,CHL,Chile,475
CHL.14_1,CHL,Chile,476
CHL.15_1,CHL,Chile,477
CHL.16_1,CHL,Chile,478
CHN.1_1,CHN,China,487
CHN.2_1,CHN,China,498
CHN.3_1,CHN,China,509
CHN.4_1,CHN,China,512
CHN.5_1,CHN,China,513
CHN.6_1,CHN,China,514
CHN.7_1,CHN,China,515
CHN.8_1,CHN,China,516
CHN.9_1,CHN,China,517
CHN.10_1,CHN,China,488
CHN.11_1,CHN,China,489
CHN.12_1,CHN,China,490
CHN.13_1,CHN,China,491
CHN.14_1,CHN,China,492
CHN.15_1,CHN,China,493
CHN.16_1,CHN,China,494
CHN.17_1,CHN,China,495
CHN.18_1,CHN,China,496
CHN.19_1,CHN,China,497
CHN.20_1,CHN,China,499
CHN.21_1,CHN,China,500
CHN.22_1,CHN,China,501
CHN.23_1,CHN,China,502
CHN.24_1,CHN,China,503
CHN.25_1,CHN,China,504
CHN.26_1,CHN,China,505
CHN.27_1,CHN,China,506
CHN.28_1,CHN,China,507
CHN.29_1,CHN,China,508
CHN.30_1,CHN,China,510
CHN.31_1,CHN,China,511
CIV.1_1,CIV,CÃ´te d'Ivoire,518
CIV.2_1,CIV,CÃ´te d'Ivoire,524
CIV.3_1,CIV,CÃ´te d'Ivoire,525
CIV.4_1,CIV,CÃ´te d'Ivoire,526
CIV.5_1,CIV,CÃ´te d'Ivoire,527
CIV.6_1,CIV,CÃ´te d'Ivoire,528
CIV.7_1,CIV,CÃ´te d'Ivoire,529
CIV.8_1,CIV,CÃ´te d'Ivoire,530
CIV.9_1,CIV,CÃ´te d'Ivoire,531
CIV.10_1,CIV,CÃ´te d'Ivoire,519
CIV.11_1,CIV,CÃ´te d'Ivoire,520
CIV.12_1,CIV,CÃ´te d'Ivoire,521
CIV.13_1,CIV,CÃ´te d'Ivoire,522
CIV.14_1,CIV,CÃ´te d'Ivoire,523
CMR.1_1,CMR,Cameroon,532
CMR.2_1,CMR,Cameroon,534
CMR.3_1,CMR,Cameroon,535
CMR.4_1,CMR,Cameroon,536
CMR.5_1,CMR,Cameroon,537
CMR.7_1,CMR,Cameroon,539
CMR.6_1,CMR,Cameroon,538
CMR.8_1,CMR,Cameroon,540
CMR.10_1,CMR,Cameroon,533
CMR.9_1,CMR,Cameroon,541
COD.1_1,COD,Democratic Republic of the Congo,542
COD.2_1,COD,Democratic Republic of the Congo,553
COD.3_1,COD,Democratic Republic of the Congo,561
COD.4_1,COD,Democratic Republic of the Congo,562
COD.5_1,COD,Democratic Republic of the Congo,563
COD.6_1,COD,Democratic Republic of the Congo,564
COD.9_1,COD,Democratic Republic of the Congo,567
COD.7_1,COD,Democratic Republic of the Congo,565
COD.8_1,COD,Democratic Republic of the Congo,566
COD.10_1,COD,Democratic Republic of the Congo,543
COD.11_1,COD,Democratic Republic of the Congo,544
COD.12_1,COD,Democratic Republic of the Congo,545
COD.13_1,COD,Democratic Republic of the Congo,546
COD.14_1,COD,Democratic Republic of the Congo,547
COD.15_1,COD,Democratic Republic of the Congo,548
COD.16_1,COD,Democratic Republic of the Congo,549
COD.17_1,COD,Democratic Republic of the Congo,550
COD.18_1,COD,Democratic Republic of the Congo,551
COD.19_1,COD,Democratic Republic of the Congo,552
COD.20_1,COD,Democratic Republic of the Congo,554
COD.21_1,COD,Democratic Republic of the Congo,555
COD.22_1,COD,Democratic Republic of the Congo,556
COD.23_1,COD,Democratic Republic of the Congo,557
COD.24_1,COD,Democratic Republic of the Congo,558
COD.25_1,COD,Democratic Republic of the Congo,559
COD.26_1,COD,Democratic Republic of the Congo,560
COG.1_1,COG,Republic of Congo,568
COG.2_1,COG,Republic of Congo,572
COG.4_1,COG,Republic of Congo,574
COG.3_1,COG,Republic of Congo,573
COG.5_1,COG,Republic of Congo,575
COG.6_1,COG,Republic of Congo,576
COG.7_1,COG,Republic of Congo,577
COG.8_1,COG,Republic of Congo,578
COG.9_1,COG,Republic of Congo,579
COG.10_1,COG,Republic of Congo,569
COG.11_1,COG,Republic of Congo,570
COG.12_1,COG,Republic of Congo,571
COL.1_1,COL,Colombia,581
COL.2_1,COL,Colombia,592
COL.3_1,COL,Colombia,603
COL.4_1,COL,Colombia,607
COL.5_1,COL,Colombia,608
COL.6_1,COL,Colombia,609
COL.7_1,COL,Colombia,610
COL.8_1,COL,Colombia,611
COL.9_1,COL,Colombia,612
COL.10_1,COL,Colombia,582
COL.11_1,COL,Colombia,583
COL.12_1,COL,Colombia,584
COL.13_1,COL,Colombia,585
COL.14_1,COL,Colombia,586
COL.15_1,COL,Colombia,587
COL.16_1,COL,Colombia,588
COL.17_1,COL,Colombia,589
COL.18_1,COL,Colombia,590
COL.19_1,COL,Colombia,591
COL.20_1,COL,Colombia,593
COL.21_1,COL,Colombia,594
COL.22_1,COL,Colombia,595
COL.23_1,COL,Colombia,596
COL.24_1,COL,Colombia,597
COL.25_1,COL,Colombia,598
COL.26_1,COL,Colombia,599
COL.27_1,COL,Colombia,600
COL.28_1,COL,Colombia,601
COL.29_1,COL,Colombia,602
COL.30_1,COL,Colombia,604
COL.31_1,COL,Colombia,605
COL.32_1,COL,Colombia,606
COM.1_1,COM,Comoros,613
COM.2_1,COM,Comoros,614
COM.3_1,COM,Comoros,615
CPV.1_1,CPV,Cape Verde,616
CPV.2_1,CPV,Cape Verde,627
CPV.3_1,CPV,Cape Verde,631
CPV.4_1,CPV,Cape Verde,632
CPV.5_1,CPV,Cape Verde,633
CPV.6_1,CPV,Cape Verde,634
CPV.7_1,CPV,Cape Verde,635
CPV.8_1,CPV,Cape Verde,636
CPV.9_1,CPV,Cape Verde,637
CPV.10_1,CPV,Cape Verde,617
CPV.11_1,CPV,Cape Verde,618
CPV.12_1,CPV,Cape Verde,619
CPV.13_1,CPV,Cape Verde,620
CPV.14_1,CPV,Cape Verde,621
CPV.15_1,CPV,Cape Verde,622
CPV.16_1,CPV,Cape Verde,623
CPV.17_1,CPV,Cape Verde,624
CPV.18_1,CPV,Cape Verde,625
CPV.19_1,CPV,Cape Verde,626
CPV.20_1,CPV,Cape Verde,628
CPV.21_1,CPV,Cape Verde,629
CPV.22_1,CPV,Cape Verde,630
CRI.1_1,CRI,Costa Rica,638
CRI.2_1,CRI,Costa Rica,639
CRI.3_1,CRI,Costa Rica,640
CRI.4_1,CRI,Costa Rica,641
CRI.5_1,CRI,Costa Rica,642
CRI.6_1,CRI,Costa Rica,643
CRI.7_1,CRI,Costa Rica,644
CUB.1_1,CUB,Cuba,645
CUB.2_1,CUB,Cuba,653
CUB.3_1,CUB,Cuba,654
CUB.4_1,CUB,Cuba,655
CUB.5_1,CUB,Cuba,656
CUB.6_1,CUB,Cuba,657
CUB.7_1,CUB,Cuba,658
CUB.8_1,CUB,Cuba,659
CUB.9_1,CUB,Cuba,660
CUB.10_1,CUB,Cuba,646
CUB.11_1,CUB,Cuba,647
CUB.12_1,CUB,Cuba,648
CUB.13_1,CUB,Cuba,649
CUB.14_1,CUB,Cuba,650
CUB.15_1,CUB,Cuba,651
CUB.16_1,CUB,Cuba,652
CYM.1_1,CYM,Cayman Islands,663
CYM.2_1,CYM,Cayman Islands,664
CYM.3_1,CYM,Cayman Islands,665
CYM.4_1,CYM,Cayman Islands,666
CYM.5_1,CYM,Cayman Islands,667
CYM.6_1,CYM,Cayman Islands,668
CYM.7_1,CYM,Cayman Islands,669
CYP.1_1,CYP,Cyprus,670
CYP.2_1,CYP,Cyprus,671
CYP.3_1,CYP,Cyprus,672
CYP.4_1,CYP,Cyprus,673
CYP.5_1,CYP,Cyprus,674
CZE.1_1,CZE,Czech Republic,675
CZE.2_1,CZE,Czech Republic,681
CZE.3_1,CZE,Czech Republic,682
CZE.4_1,CZE,Czech Republic,683
CZE.5_1,CZE,Czech Republic,684
CZE.6_1,CZE,Czech Republic,685
CZE.7_1,CZE,Czech Republic,686
CZE.8_1,CZE,Czech Republic,687
CZE.9_1,CZE,Czech Republic,688
CZE.10_1,CZE,Czech Republic,676
CZE.11_1,CZE,Czech Republic,677
CZE.12_1,CZE,Czech Republic,678
CZE.13_1,CZE,Czech Republic,679
CZE.14_1,CZE,Czech Republic,680
DEU.1_1,DEU,Germany,689
DEU.2_1,DEU,Germany,697
DEU.3_1,DEU,Germany,698
DEU.4_1,DEU,Germany,699
DEU.5_1,DEU,Germany,700
DEU.6_1,DEU,Germany,701
DEU.7_1,DEU,Germany,702
DEU.8_1,DEU,Germany,703
DEU.9_1,DEU,Germany,704
DEU.10_1,DEU,Germany,690
DEU.11_1,DEU,Germany,691
DEU.12_1,DEU,Germany,692
DEU.14_1,DEU,Germany,694
DEU.13_1,DEU,Germany,693
DEU.15_1,DEU,Germany,695
DEU.16_1,DEU,Germany,696
DJI.1_1,DJI,Djibouti,705
DJI.2_1,DJI,Djibouti,706
DJI.3_1,DJI,Djibouti,707
DJI.4_1,DJI,Djibouti,708
DJI.5_1,DJI,Djibouti,709
DMA.1_1,DMA,Dominica,710
DMA.2_1,DMA,Dominica,712
DMA.3_1,DMA,Dominica,713
DMA.4_1,DMA,Dominica,714
DMA.5_1,DMA,Dominica,715
DMA.6_1,DMA,Dominica,716
DMA.7_1,DMA,Dominica,717
DMA.8_1,DMA,Dominica,718
DMA.9_1,DMA,Dominica,719
DMA.10_1,DMA,Dominica,711
DNK.1_1,DNK,Denmark,720
DNK.2_1,DNK,Denmark,721
DNK.3_1,DNK,Denmark,722
DNK.4_1,DNK,Denmark,723
DNK.5_1,DNK,Denmark,724
DOM.1_1,DOM,Dominican Republic,725
DOM.2_1,DOM,Dominican Republic,736
DOM.3_1,DOM,Dominican Republic,747
DOM.4_1,DOM,Dominican Republic,751
DOM.5_1,DOM,Dominican Republic,752
DOM.6_1,DOM,Dominican Republic,753
DOM.7_1,DOM,Dominican Republic,754
DOM.8_1,DOM,Dominican Republic,755
DOM.9_1,DOM,Dominican Republic,756
DOM.10_1,DOM,Dominican Republic,726
DOM.11_1,DOM,Dominican Republic,727
DOM.12_1,DOM,Dominican Republic,728
DOM.13_1,DOM,Dominican Republic,729
DOM.14_1,DOM,Dominican Republic,730
DOM.15_1,DOM,Dominican Republic,731
DOM.16_1,DOM,Dominican Republic,732
DOM.17_1,DOM,Dominican Republic,733
DOM.18_1,DOM,Dominican Republic,734
DOM.19_1,DOM,Dominican Republic,735
DOM.20_1,DOM,Dominican Republic,737
DOM.21_1,DOM,Dominican Republic,738
DOM.22_1,DOM,Dominican Republic,739
DOM.23_1,DOM,Dominican Republic,740
DOM.24_1,DOM,Dominican Republic,741
DOM.25_1,DOM,Dominican Republic,742
DOM.26_1,DOM,Dominican Republic,743
DOM.27_1,DOM,Dominican Republic,744
DOM.28_1,DOM,Dominican Republic,745
DOM.30_1,DOM,Dominican Republic,748
DOM.29_1,DOM,Dominican Republic,746
DOM.31_1,DOM,Dominican Republic,749
DOM.32_1,DOM,Dominican Republic,750
DZA.1_1,DZA,Algeria,757
DZA.2_1,DZA,Algeria,768
DZA.3_1,DZA,Algeria,779
DZA.4_1,DZA,Algeria,790
DZA.5_1,DZA,Algeria,800
DZA.6_1,DZA,Algeria,801
DZA.7_1,DZA,Algeria,802
DZA.8_1,DZA,Algeria,803
DZA.9_1,DZA,Algeria,804
DZA.10_1,DZA,Algeria,758
DZA.11_1,DZA,Algeria,759
DZA.12_1,DZA,Algeria,760
DZA.13_1,DZA,Algeria,761
DZA.14_1,DZA,Algeria,762
DZA.15_1,DZA,Algeria,763
DZA.16_1,DZA,Algeria,764
DZA.17_1,DZA,Algeria,765
DZA.18_1,DZA,Algeria,766
DZA.19_1,DZA,Algeria,767
DZA.20_1,DZA,Algeria,769
DZA.21_1,DZA,Algeria,770
DZA.22_1,DZA,Algeria,771
DZA.23_1,DZA,Algeria,772
DZA.24_1,DZA,Algeria,773
DZA.25_1,DZA,Algeria,774
DZA.26_1,DZA,Algeria,775
DZA.27_1,DZA,Algeria,776
DZA.28_1,DZA,Algeria,777
DZA.29_1,DZA,Algeria,778
DZA.30_1,DZA,Algeria,780
DZA.31_1,DZA,Algeria,781
DZA.32_1,DZA,Algeria,782
DZA.33_1,DZA,Algeria,783
DZA.34_1,DZA,Algeria,784
DZA.35_1,DZA,Algeria,785
DZA.36_1,DZA,Algeria,786
DZA.37_1,DZA,Algeria,787
DZA.38_1,DZA,Algeria,788
DZA.39_1,DZA,Algeria,789
DZA.40_1,DZA,Algeria,791
DZA.41_1,DZA,Algeria,792
DZA.42_1,DZA,Algeria,793
DZA.43_1,DZA,Algeria,794
DZA.44_1,DZA,Algeria,795
DZA.45_1,DZA,Algeria,796
DZA.46_1,DZA,Algeria,797
DZA.47_1,DZA,Algeria,798
DZA.48_1,DZA,Algeria,799
ECU.1_1,ECU,Ecuador,805
ECU.2_1,ECU,Ecuador,816
ECU.3_1,ECU,Ecuador,822
ECU.4_1,ECU,Ecuador,823
ECU.5_1,ECU,Ecuador,824
ECU.6_1,ECU,Ecuador,825
ECU.7_1,ECU,Ecuador,826
ECU.8_1,ECU,Ecuador,827
ECU.9_1,ECU,Ecuador,828
ECU.10_1,ECU,Ecuador,806
ECU.11_1,ECU,Ecuador,807
ECU.12_1,ECU,Ecuador,808
ECU.13_1,ECU,Ecuador,809
ECU.14_1,ECU,Ecuador,810
ECU.15_1,ECU,Ecuador,811
ECU.16_1,ECU,Ecuador,812
ECU.17_1,ECU,Ecuador,813
ECU.18_1,ECU,Ecuador,814
ECU.19_1,ECU,Ecuador,815
ECU.20_1,ECU,Ecuador,817
ECU.21_1,ECU,Ecuador,818
ECU.22_1,ECU,Ecuador,819
ECU.23_1,ECU,Ecuador,820
ECU.24_1,ECU,Ecuador,821
EGY.1_1,EGY,Egypt,829
EGY.2_1,EGY,Egypt,840
EGY.3_1,EGY,Egypt,849
EGY.4_1,EGY,Egypt,850
EGY.5_1,EGY,Egypt,851
EGY.6_1,EGY,Egypt,852
EGY.7_1,EGY,Egypt,853
EGY.8_1,EGY,Egypt,854
EGY.9_1,EGY,Egypt,855
EGY.10_1,EGY,Egypt,830
EGY.11_1,EGY,Egypt,831
EGY.12_1,EGY,Egypt,832
EGY.13_1,EGY,Egypt,833
EGY.14_1,EGY,Egypt,834
EGY.15_1,EGY,Egypt,835
EGY.16_1,EGY,Egypt,836
EGY.17_1,EGY,Egypt,837
EGY.18_1,EGY,Egypt,838
EGY.19_1,EGY,Egypt,839
EGY.20_1,EGY,Egypt,841
EGY.21_1,EGY,Egypt,842
EGY.22_1,EGY,Egypt,843
EGY.23_1,EGY,Egypt,844
EGY.24_1,EGY,Egypt,845
EGY.25_1,EGY,Egypt,846
EGY.26_1,EGY,Egypt,847
EGY.27_1,EGY,Egypt,848
ERI.1_1,ERI,Eritrea,856
ERI.2_1,ERI,Eritrea,857
ERI.3_1,ERI,Eritrea,858
ERI.4_1,ERI,Eritrea,859
ERI.5_1,ERI,Eritrea,860
ERI.6_1,ERI,Eritrea,861
ESH.1_1,ESH,Western Sahara,862
ESH.2_1,ESH,Western Sahara,863
ESH.3_1,ESH,Western Sahara,864
ESH.4_1,ESH,Western Sahara,865
ESP.1_1,ESP,Spain,866
ESP.2_1,ESP,Spain,876
ESP.3_1,ESP,Spain,877
ESP.4_1,ESP,Spain,878
ESP.5_1,ESP,Spain,879
ESP.6_1,ESP,Spain,880
ESP.7_1,ESP,Spain,881
ESP.8_1,ESP,Spain,882
ESP.9_1,ESP,Spain,883
ESP.10_1,ESP,Spain,867
ESP.11_1,ESP,Spain,868
ESP.12_1,ESP,Spain,869
ESP.13_1,ESP,Spain,870
ESP.14_1,ESP,Spain,871
ESP.15_1,ESP,Spain,872
ESP.16_1,ESP,Spain,873
ESP.17_1,ESP,Spain,874
ESP.18_1,ESP,Spain,875
EST.1_1,EST,Estonia,884
EST.2_1,EST,Estonia,892
EST.3_1,EST,Estonia,893
EST.4_1,EST,Estonia,894
EST.5_1,EST,Estonia,895
EST.7_1,EST,Estonia,897
EST.6_1,EST,Estonia,896
EST.8_1,EST,Estonia,898
EST.9_1,EST,Estonia,899
EST.10_1,EST,Estonia,885
EST.11_1,EST,Estonia,886
EST.12_1,EST,Estonia,887
EST.13_1,EST,Estonia,888
EST.14_1,EST,Estonia,889
EST.15_1,EST,Estonia,890
EST.16_1,EST,Estonia,891
ETH.1_1,ETH,Ethiopia,900
ETH.2_1,ETH,Ethiopia,903
ETH.3_1,ETH,Ethiopia,904
ETH.4_1,ETH,Ethiopia,905
ETH.5_1,ETH,Ethiopia,906
ETH.6_1,ETH,Ethiopia,907
ETH.7_1,ETH,Ethiopia,908
ETH.8_1,ETH,Ethiopia,909
ETH.9_1,ETH,Ethiopia,910
ETH.10_1,ETH,Ethiopia,901
ETH.11_1,ETH,Ethiopia,902
FIN.1_1,FIN,Finland,911
FIN.2_1,FIN,Finland,912
FIN.3_1,FIN,Finland,913
FIN.4_1,FIN,Finland,914
FIN.5_1,FIN,Finland,915
FJI.1_1,FJI,Fiji,916
FJI.2_1,FJI,Fiji,917
FJI.3_1,FJI,Fiji,918
FJI.4_1,FJI,Fiji,919
FJI.5_1,FJI,Fiji,920
FRA.1_1,FRA,France,922
FRA.2_1,FRA,France,927
FRA.3_1,FRA,France,928
FRA.4_1,FRA,France,929
FRA.5_1,FRA,France,930
FRA.6_1,FRA,France,931
FRA.7_1,FRA,France,932
FRA.8_1,FRA,France,933
FRA.9_1,FRA,France,934
FRA.10_1,FRA,France,923
FRA.11_1,FRA,France,924
FRA.12_1,FRA,France,925
FRA.13_1,FRA,France,926
FRO.1_1,FRO,Faroe Islands,935
FRO.2_1,FRO,Faroe Islands,936
FRO.3_1,FRO,Faroe Islands,937
FRO.4_1,FRO,Faroe Islands,938
FRO.5_1,FRO,Faroe Islands,939
FRO.6_1,FRO,Faroe Islands,940
FSM.1_1,FSM,Micronesia,941
FSM.2_1,FSM,Micronesia,942
FSM.3_1,FSM,Micronesia,943
FSM.4_1,FSM,Micronesia,944
GAB.1_1,GAB,Gabon,945
GAB.2_1,GAB,Gabon,946
GAB.3_1,GAB,Gabon,947
GAB.4_1,GAB,Gabon,948
GAB.5_1,GAB,Gabon,949
GAB.6_1,GAB,Gabon,950
GAB.7_1,GAB,Gabon,951
GAB.8_1,GAB,Gabon,952
GAB.9_1,GAB,Gabon,953
GBR.1_1,GBR,United Kingdom,954
GBR.2_1,GBR,United Kingdom,955
GBR.3_1,GBR,United Kingdom,956
GBR.4_1,GBR,United Kingdom,957
GEO.1_1,GEO,Georgia,958
GEO.2_1,GEO,Georgia,962
GEO.3_1,GEO,Georgia,963
GEO.4_1,GEO,Georgia,964
GEO.5_1,GEO,Georgia,965
GEO.6_1,GEO,Georgia,966
GEO.7_1,GEO,Georgia,967
GEO.8_1,GEO,Georgia,968
GEO.9_1,GEO,Georgia,969
GEO.10_1,GEO,Georgia,959
GEO.11_1,GEO,Georgia,960
GEO.12_1,GEO,Georgia,961
GGY.1_1,GGY,Guernsey,970
GGY.2_1,GGY,Guernsey,977
GGY.3_1,GGY,Guernsey,978
GGY.4_1,GGY,Guernsey,979
GGY.5_1,GGY,Guernsey,980
GGY.6_1,GGY,Guernsey,981
GGY.7_1,GGY,Guernsey,982
GGY.8_1,GGY,Guernsey,983
GGY.9_1,GGY,Guernsey,984
GGY.10_1,GGY,Guernsey,971
GGY.11_1,GGY,Guernsey,972
GGY.12_1,GGY,Guernsey,973
GGY.13_1,GGY,Guernsey,974
GGY.14_1,GGY,Guernsey,975
GGY.15_1,GGY,Guernsey,976
GHA.1_1,GHA,Ghana,985
GHA.2_1,GHA,Ghana,987
GHA.3_1,GHA,Ghana,988
GHA.4_1,GHA,Ghana,989
GHA.5_1,GHA,Ghana,990
GHA.6_1,GHA,Ghana,991
GHA.7_1,GHA,Ghana,992
GHA.8_1,GHA,Ghana,993
GHA.9_1,GHA,Ghana,994
GHA.10_1,GHA,Ghana,986
GIN.1_1,GIN,Guinea,996
GIN.2_1,GIN,Guinea,997
GIN.3_1,GIN,Guinea,998
GIN.4_1,GIN,Guinea,999
GIN.5_1,GIN,Guinea,1000
GIN.6_1,GIN,Guinea,1001
GIN.7_1,GIN,Guinea,1002
GIN.8_1,GIN,Guinea,1003
GLP.1_1,GLP,Guadeloupe,1004
GLP.2_1,GLP,Guadeloupe,1005
GMB.1_1,GMB,Gambia,1006
GMB.2_1,GMB,Gambia,1007
GMB.3_1,GMB,Gambia,1008
GMB.4_1,GMB,Gambia,1009
GMB.5_1,GMB,Gambia,1010
GMB.6_1,GMB,Gambia,1011
GNB.1_1,GNB,Guinea-Bissau,1012
GNB.2_1,GNB,Guinea-Bissau,1013
GNB.3_1,GNB,Guinea-Bissau,1014
GNB.4_1,GNB,Guinea-Bissau,1015
GNB.5_1,GNB,Guinea-Bissau,1016
GNB.6_1,GNB,Guinea-Bissau,1017
GNB.7_1,GNB,Guinea-Bissau,1018
GNB.8_1,GNB,Guinea-Bissau,1019
GNB.9_1,GNB,Guinea-Bissau,1020
GNQ.1_1,GNQ,Equatorial Guinea,1021
GNQ.2_1,GNQ,Equatorial Guinea,1022
GNQ.3_1,GNQ,Equatorial Guinea,1023
GNQ.4_1,GNQ,Equatorial Guinea,1024
GNQ.5_1,GNQ,Equatorial Guinea,1025
GNQ.6_1,GNQ,Equatorial Guinea,1026
GNQ.7_1,GNQ,Equatorial Guinea,1027
GRC.1_1,GRC,Greece,1028
GRC.2_1,GRC,Greece,1029
GRC.3_1,GRC,Greece,1030
GRC.4_1,GRC,Greece,1031
GRC.5_1,GRC,Greece,1032
GRC.6_1,GRC,Greece,1033
GRC.7_1,GRC,Greece,1034
GRC.8_1,GRC,Greece,1035
GRD.1_1,GRD,Grenada,1036
GRD.2_1,GRD,Grenada,1037
GRD.3_1,GRD,Grenada,1038
GRD.4_1,GRD,Grenada,1039
GRD.5_1,GRD,Grenada,1040
GRD.6_1,GRD,Grenada,1041
GRD.7_1,GRD,Grenada,1042
GRL.1_1,GRL,Greenland,1043
GRL.2_1,GRL,Greenland,1044
GRL.3_1,GRL,Greenland,1045
GRL.4_1,GRL,Greenland,1046
GRL.5_1,GRL,Greenland,1047
GTM.1_1,GTM,Guatemala,1048
GTM.2_1,GTM,Guatemala,1059
GTM.3_1,GTM,Guatemala,1063
GTM.4_1,GTM,Guatemala,1064
GTM.5_1,GTM,Guatemala,1065
GTM.6_1,GTM,Guatemala,1066
GTM.7_1,GTM,Guatemala,1067
GTM.8_1,GTM,Guatemala,1068
GTM.9_1,GTM,Guatemala,1069
GTM.10_1,GTM,Guatemala,1049
GTM.11_1,GTM,Guatemala,1050
GTM.12_1,GTM,Guatemala,1051
GTM.13_1,GTM,Guatemala,1052
GTM.14_1,GTM,Guatemala,1053
GTM.15_1,GTM,Guatemala,1054
GTM.16_1,GTM,Guatemala,1055
GTM.17_1,GTM,Guatemala,1056
GTM.18_1,GTM,Guatemala,1057
GTM.19_1,GTM,Guatemala,1058
GTM.20_1,GTM,Guatemala,1060
GTM.21_1,GTM,Guatemala,1061
GTM.22_1,GTM,Guatemala,1062
GUF.1_1,GUF,French Guiana,1070
GUF.2_1,GUF,French Guiana,1071
GUM.1_1,GUM,Guam,1072
GUM.2_1,GUM,Guam,1083
GUM.3_1,GUM,Guam,1084
GUM.4_1,GUM,Guam,1085
GUM.5_1,GUM,Guam,1086
GUM.6_1,GUM,Guam,1087
GUM.7_1,GUM,Guam,1088
GUM.8_1,GUM,Guam,1089
GUM.9_1,GUM,Guam,1090
GUM.10_1,GUM,Guam,1073
GUM.11_1,GUM,Guam,1074
GUM.12_1,GUM,Guam,1075
GUM.13_1,GUM,Guam,1076
GUM.14_1,GUM,Guam,1077
GUM.15_1,GUM,Guam,1078
GUM.16_1,GUM,Guam,1079
GUM.17_1,GUM,Guam,1080
GUM.18_1,GUM,Guam,1081
GUM.19_1,GUM,Guam,1082
GUY.1_1,GUY,Guyana,1091
GUY.2_1,GUY,Guyana,1093
GUY.3_1,GUY,Guyana,1094
GUY.4_1,GUY,Guyana,1095
GUY.5_1,GUY,Guyana,1096
GUY.6_1,GUY,Guyana,1097
GUY.7_1,GUY,Guyana,1098
GUY.8_1,GUY,Guyana,1099
GUY.9_1,GUY,Guyana,1100
GUY.10_1,GUY,Guyana,1092
HKG.1_1,HKG,Hong Kong,1101
HKG.2_1,HKG,Hong Kong,1111
HKG.3_1,HKG,Hong Kong,1112
HKG.4_1,HKG,Hong Kong,1113
HKG.5_1,HKG,Hong Kong,1114
HKG.6_1,HKG,Hong Kong,1115
HKG.7_1,HKG,Hong Kong,1116
HKG.8_1,HKG,Hong Kong,1117
HKG.9_1,HKG,Hong Kong,1118
HKG.10_1,HKG,Hong Kong,1102
HKG.11_1,HKG,Hong Kong,1103
HKG.12_1,HKG,Hong Kong,1104
HKG.13_1,HKG,Hong Kong,1105
HKG.14_1,HKG,Hong Kong,1106
HKG.15_1,HKG,Hong Kong,1107
HKG.16_1,HKG,Hong Kong,1108
HKG.17_1,HKG,Hong Kong,1109
HKG.18_1,HKG,Hong Kong,1110
HND.1_1,HND,Honduras,1120
HND.2_1,HND,Honduras,1130
HND.3_1,HND,Honduras,1131
HND.4_1,HND,Honduras,1132
HND.5_1,HND,Honduras,1133
HND.6_1,HND,Honduras,1134
HND.7_1,HND,Honduras,1135
HND.8_1,HND,Honduras,1136
HND.9_1,HND,Honduras,1137
HND.10_1,HND,Honduras,1121
HND.11_1,HND,Honduras,1122
HND.12_1,HND,Honduras,1123
HND.13_1,HND,Honduras,1124
HND.14_1,HND,Honduras,1125
HND.15_1,HND,Honduras,1126
HND.16_1,HND,Honduras,1127
HND.17_1,HND,Honduras,1128
HND.18_1,HND,Honduras,1129
HRV.1_1,HRV,Croatia,1138
HRV.2_1,HRV,Croatia,1149
HRV.3_1,HRV,Croatia,1152
HRV.4_1,HRV,Croatia,1153
HRV.5_1,HRV,Croatia,1154
HRV.6_1,HRV,Croatia,1155
HRV.7_1,HRV,Croatia,1156
HRV.8_1,HRV,Croatia,1157
HRV.9_1,HRV,Croatia,1158
HRV.10_1,HRV,Croatia,1139
HRV.11_1,HRV,Croatia,1140
HRV.12_1,HRV,Croatia,1141
HRV.13_1,HRV,Croatia,1142
HRV.14_1,HRV,Croatia,1143
HRV.15_1,HRV,Croatia,1144
HRV.16_1,HRV,Croatia,1145
HRV.17_1,HRV,Croatia,1146
HRV.18_1,HRV,Croatia,1147
HRV.19_1,HRV,Croatia,1148
HRV.20_1,HRV,Croatia,1150
HRV.21_1,HRV,Croatia,1151
HTI.1_1,HTI,Haiti,1159
HTI.2_1,HTI,Haiti,1161
HTI.3_1,HTI,Haiti,1162
HTI.4_1,HTI,Haiti,1163
HTI.7_1,HTI,Haiti,1166
HTI.5_1,HTI,Haiti,1164
HTI.6_1,HTI,Haiti,1165
HTI.8_1,HTI,Haiti,1167
HTI.10_1,HTI,Haiti,1160
HTI.9_1,HTI,Haiti,1168
HUN.1_1,HUN,Hungary,1169
HUN.2_1,HUN,Hungary,1180
HUN.3_1,HUN,Hungary,1182
HUN.4_1,HUN,Hungary,1183
HUN.5_1,HUN,Hungary,1184
HUN.6_1,HUN,Hungary,1185
HUN.7_1,HUN,Hungary,1186
HUN.8_1,HUN,Hungary,1187
HUN.9_1,HUN,Hungary,1188
HUN.10_1,HUN,Hungary,1170
HUN.11_1,HUN,Hungary,1171
HUN.12_1,HUN,Hungary,1172
HUN.13_1,HUN,Hungary,1173
HUN.14_1,HUN,Hungary,1174
HUN.15_1,HUN,Hungary,1175
HUN.16_1,HUN,Hungary,1176
HUN.17_1,HUN,Hungary,1177
HUN.18_1,HUN,Hungary,1178
HUN.19_1,HUN,Hungary,1179
HUN.20_1,HUN,Hungary,1181
IDN.1_1,IDN,Indonesia,1189
IDN.2_1,IDN,Indonesia,1200
IDN.3_1,IDN,Indonesia,1211
IDN.4_1,IDN,Indonesia,1216
IDN.5_1,IDN,Indonesia,1217
IDN.6_1,IDN,Indonesia,1218
IDN.7_1,IDN,Indonesia,1219
IDN.8_1,IDN,Indonesia,1220
IDN.9_1,IDN,Indonesia,1221
IDN.10_1,IDN,Indonesia,1190
IDN.11_1,IDN,Indonesia,1191
IDN.12_1,IDN,Indonesia,1192
IDN.13_1,IDN,Indonesia,1193
IDN.14_1,IDN,Indonesia,1194
IDN.15_1,IDN,Indonesia,1195
IDN.16_1,IDN,Indonesia,1196
IDN.17_1,IDN,Indonesia,1197
IDN.19_1,IDN,Indonesia,1199
IDN.18_1,IDN,Indonesia,1198
IDN.20_1,IDN,Indonesia,1201
IDN.21_1,IDN,Indonesia,1202
IDN.23_1,IDN,Indonesia,1204
IDN.22_1,IDN,Indonesia,1203
IDN.24_1,IDN,Indonesia,1205
IDN.25_1,IDN,Indonesia,1206
IDN.26_1,IDN,Indonesia,1207
IDN.27_1,IDN,Indonesia,1208
IDN.28_1,IDN,Indonesia,1209
IDN.29_1,IDN,Indonesia,1210
IDN.30_1,IDN,Indonesia,1212
IDN.31_1,IDN,Indonesia,1213
IDN.32_1,IDN,Indonesia,1214
IDN.33_1,IDN,Indonesia,1215
IMN.1_1,IMN,Isle of Man,1222
IMN.2_1,IMN,Isle of Man,1223
IMN.3_1,IMN,Isle of Man,1224
IMN.4_1,IMN,Isle of Man,1225
IMN.5_1,IMN,Isle of Man,1226
IMN.6_1,IMN,Isle of Man,1227
IND.1_1,IND,India,1228
IND.2_1,IND,India,1239
IND.3_1,IND,India,1250
IND.4_1,IND,India,1258
IND.5_1,IND,India,1259
IND.6_1,IND,India,1260
IND.7_1,IND,India,1261
IND.8_1,IND,India,1262
IND.9_1,IND,India,1263
IND.10_1,IND,India,1229
IND.11_1,IND,India,1230
IND.12_1,IND,India,1231
IND.13_1,IND,India,1232
IND.14_1,IND,India,1233
IND.15_1,IND,India,1234
IND.16_1,IND,India,1235
IND.17_1,IND,India,1236
IND.18_1,IND,India,1237
IND.19_1,IND,India,1238
IND.20_1,IND,India,1240
IND.21_1,IND,India,1241
IND.22_1,IND,India,1242
IND.23_1,IND,India,1243
IND.24_1,IND,India,1244
IND.25_1,IND,India,1245
IND.26_1,IND,India,1246
IND.27_1,IND,India,1247
IND.28_1,IND,India,1248
IND.29_1,IND,India,1249
IND.30_1,IND,India,1251
IND.31_1,IND,India,1252
IND.32_1,IND,India,1253
IND.33_1,IND,India,1254
IND.34_1,IND,India,1255
IND.35_1,IND,India,1256
IND.36_1,IND,India,1257
IRL.1_1,IRL,Ireland,1265
IRL.2_1,IRL,Ireland,1276
IRL.3_1,IRL,Ireland,1284
IRL.4_1,IRL,Ireland,1285
IRL.5_1,IRL,Ireland,1286
IRL.6_1,IRL,Ireland,1287
IRL.7_1,IRL,Ireland,1288
IRL.8_1,IRL,Ireland,1289
IRL.9_1,IRL,Ireland,1290
IRL.10_1,IRL,Ireland,1266
IRL.11_1,IRL,Ireland,1267
IRL.12_1,IRL,Ireland,1268
IRL.13_1,IRL,Ireland,1269
IRL.14_1,IRL,Ireland,1270
IRL.15_1,IRL,Ireland,1271
IRL.16_1,IRL,Ireland,1272
IRL.17_1,IRL,Ireland,1273
IRL.18_1,IRL,Ireland,1274
IRL.19_1,IRL,Ireland,1275
IRL.20_1,IRL,Ireland,1277
IRL.21_1,IRL,Ireland,1278
IRL.22_1,IRL,Ireland,1279
IRL.23_1,IRL,Ireland,1280
IRL.24_1,IRL,Ireland,1281
IRL.25_1,IRL,Ireland,1282
IRL.26_1,IRL,Ireland,1283
IRN.1_1,IRN,Iran,1291
IRN.2_1,IRN,Iran,1302
IRN.3_1,IRN,Iran,1313
IRN.4_1,IRN,Iran,1316
IRN.5_1,IRN,Iran,1317
IRN.6_1,IRN,Iran,1318
IRN.7_1,IRN,Iran,1319
IRN.8_1,IRN,Iran,1320
IRN.9_1,IRN,Iran,1321
IRN.10_1,IRN,Iran,1292
IRN.11_1,IRN,Iran,1293
IRN.12_1,IRN,Iran,1294
IRN.13_1,IRN,Iran,1295
IRN.14_1,IRN,Iran,1296
IRN.15_1,IRN,Iran,1297
IRN.16_1,IRN,Iran,1298
IRN.17_1,IRN,Iran,1299
IRN.18_1,IRN,Iran,1300
IRN.19_1,IRN,Iran,1301
IRN.20_1,IRN,Iran,1303
IRN.21_1,IRN,Iran,1304
IRN.22_1,IRN,Iran,1305
IRN.23_1,IRN,Iran,1306
IRN.24_1,IRN,Iran,1307
IRN.25_1,IRN,Iran,1308
IRN.26_1,IRN,Iran,1309
IRN.27_1,IRN,Iran,1310
IRN.28_1,IRN,Iran,1311
IRN.29_1,IRN,Iran,1312
IRN.30_1,IRN,Iran,1314
IRN.31_1,IRN,Iran,1315
IRQ.1_1,IRQ,Iraq,1322
IRQ.2_1,IRQ,Iraq,1332
IRQ.3_1,IRQ,Iraq,1333
IRQ.4_1,IRQ,Iraq,1334
IRQ.5_1,IRQ,Iraq,1335
IRQ.6_1,IRQ,Iraq,1336
IRQ.7_1,IRQ,Iraq,1337
IRQ.8_1,IRQ,Iraq,1338
IRQ.9_1,IRQ,Iraq,1339
IRQ.10_1,IRQ,Iraq,1323
IRQ.11_1,IRQ,Iraq,1324
IRQ.12_1,IRQ,Iraq,1325
IRQ.13_1,IRQ,Iraq,1326
IRQ.14_1,IRQ,Iraq,1327
IRQ.15_1,IRQ,Iraq,1328
IRQ.16_1,IRQ,Iraq,1329
IRQ.17_1,IRQ,Iraq,1330
IRQ.18_1,IRQ,Iraq,1331
ISL.1_1,ISL,Iceland,1340
ISL.2_1,ISL,Iceland,1341
ISL.3_1,ISL,Iceland,1342
ISL.4_1,ISL,Iceland,1343
ISL.5_1,ISL,Iceland,1344
ISL.6_1,ISL,Iceland,1345
ISL.7_1,ISL,Iceland,1346
ISL.8_1,ISL,Iceland,1347
ISR.1_1,ISR,Israel,1348
ISR.2_1,ISR,Israel,1349
ISR.3_1,ISR,Israel,1350
ISR.4_1,ISR,Israel,1351
ISR.5_1,ISR,Israel,1352
ISR.6_1,ISR,Israel,1353
ISR.7_1,ISR,Israel,1354
ITA.1_1,ITA,Italy,1355
ITA.2_1,ITA,Italy,1366
ITA.3_1,ITA,Italy,1368
ITA.4_1,ITA,Italy,1369
ITA.5_1,ITA,Italy,1370
ITA.6_1,ITA,Italy,1371
ITA.7_1,ITA,Italy,1372
ITA.8_1,ITA,Italy,1373
ITA.9_1,ITA,Italy,1374
ITA.10_1,ITA,Italy,1356
ITA.11_1,ITA,Italy,1357
ITA.12_1,ITA,Italy,1358
ITA.13_1,ITA,Italy,1359
ITA.14_1,ITA,Italy,1360
ITA.15_1,ITA,Italy,1361
ITA.16_1,ITA,Italy,1362
ITA.17_1,ITA,Italy,1363
ITA.18_1,ITA,Italy,1364
ITA.19_1,ITA,Italy,1365
ITA.20_1,ITA,Italy,1367
JAM.1_1,JAM,Jamaica,1375
JAM.2_1,JAM,Jamaica,1381
JAM.3_1,JAM,Jamaica,1382
JAM.4_1,JAM,Jamaica,1383
JAM.5_1,JAM,Jamaica,1384
JAM.6_1,JAM,Jamaica,1385
JAM.7_1,JAM,Jamaica,1386
JAM.8_1,JAM,Jamaica,1387
JAM.9_1,JAM,Jamaica,1388
JAM.10_1,JAM,Jamaica,1376
JAM.11_1,JAM,Jamaica,1377
JAM.12_1,JAM,Jamaica,1378
JAM.13_1,JAM,Jamaica,1379
JAM.14_1,JAM,Jamaica,1380
JEY.1_1,JEY,Jersey,1389
JEY.2_1,JEY,Jersey,1393
JEY.3_1,JEY,Jersey,1394
JEY.4_1,JEY,Jersey,1395
JEY.5_1,JEY,Jersey,1396
JEY.6_1,JEY,Jersey,1397
JEY.7_1,JEY,Jersey,1398
JEY.8_1,JEY,Jersey,1399
JEY.9_1,JEY,Jersey,1400
JEY.10_1,JEY,Jersey,1390
JEY.11_1,JEY,Jersey,1391
JEY.12_1,JEY,Jersey,1392
JOR.1_1,JOR,Jordan,1401
JOR.2_1,JOR,Jordan,1405
JOR.3_1,JOR,Jordan,1406
JOR.4_1,JOR,Jordan,1407
JOR.5_1,JOR,Jordan,1408
JOR.6_1,JOR,Jordan,1409
JOR.7_1,JOR,Jordan,1410
JOR.8_1,JOR,Jordan,1411
JOR.9_1,JOR,Jordan,1412
JOR.10_1,JOR,Jordan,1402
JOR.11_1,JOR,Jordan,1403
JOR.12_1,JOR,Jordan,1404
JPN.1_1,JPN,Japan,1413
JPN.2_1,JPN,Japan,1424
JPN.3_1,JPN,Japan,1435
JPN.4_1,JPN,Japan,1446
JPN.5_1,JPN,Japan,1455
JPN.6_1,JPN,Japan,1456
JPN.7_1,JPN,Japan,1457
JPN.8_1,JPN,Japan,1458
JPN.9_1,JPN,Japan,1459
JPN.10_1,JPN,Japan,1414
JPN.11_1,JPN,Japan,1415
JPN.12_1,JPN,Japan,1416
JPN.13_1,JPN,Japan,1417
JPN.14_1,JPN,Japan,1418
JPN.15_1,JPN,Japan,1419
JPN.16_1,JPN,Japan,1420
JPN.17_1,JPN,Japan,1421
JPN.18_1,JPN,Japan,1422
JPN.19_1,JPN,Japan,1423
JPN.20_1,JPN,Japan,1425
JPN.21_1,JPN,Japan,1426
JPN.22_1,JPN,Japan,1427
JPN.23_1,JPN,Japan,1428
JPN.24_1,JPN,Japan,1429
JPN.25_1,JPN,Japan,1430
JPN.26_1,JPN,Japan,1431
JPN.27_1,JPN,Japan,1432
JPN.28_1,JPN,Japan,1433
JPN.29_1,JPN,Japan,1434
JPN.30_1,JPN,Japan,1436
JPN.31_1,JPN,Japan,1437
JPN.32_1,JPN,Japan,1438
JPN.33_1,JPN,Japan,1439
JPN.34_1,JPN,Japan,1440
JPN.35_1,JPN,Japan,1441
JPN.36_1,JPN,Japan,1442
JPN.37_1,JPN,Japan,1443
JPN.38_1,JPN,Japan,1444
JPN.39_1,JPN,Japan,1445
JPN.40_1,JPN,Japan,1447
JPN.41_1,JPN,Japan,1448
JPN.42_1,JPN,Japan,1449
JPN.43_1,JPN,Japan,1450
JPN.44_1,JPN,Japan,1451
JPN.45_1,JPN,Japan,1452
JPN.46_1,JPN,Japan,1453
JPN.47_1,JPN,Japan,1454
KAZ.1_1,KAZ,Kazakhstan,1460
KAZ.2_1,KAZ,Kazakhstan,1466
KAZ.3_1,KAZ,Kazakhstan,1467
KAZ.4_1,KAZ,Kazakhstan,1468
KAZ.5_1,KAZ,Kazakhstan,1469
KAZ.6_1,KAZ,Kazakhstan,1470
KAZ.7_1,KAZ,Kazakhstan,1471
KAZ.8_1,KAZ,Kazakhstan,1472
KAZ.9_1,KAZ,Kazakhstan,1473
KAZ.10_1,KAZ,Kazakhstan,1461
KAZ.11_1,KAZ,Kazakhstan,1462
KAZ.12_1,KAZ,Kazakhstan,1463
KAZ.13_1,KAZ,Kazakhstan,1464
KAZ.14_1,KAZ,Kazakhstan,1465
KEN.1_1,KEN,Kenya,1474
KEN.2_1,KEN,Kenya,1485
KEN.3_1,KEN,Kenya,1496
KEN.4_1,KEN,Kenya,1507
KEN.5_1,KEN,Kenya,1516
KEN.6_1,KEN,Kenya,1517
KEN.7_1,KEN,Kenya,1518
KEN.8_1,KEN,Kenya,1519
KEN.9_1,KEN,Kenya,1520
KEN.10_1,KEN,Kenya,1475
KEN.11_1,KEN,Kenya,1476
KEN.12_1,KEN,Kenya,1477
KEN.13_1,KEN,Kenya,1478
KEN.14_1,KEN,Kenya,1479
KEN.15_1,KEN,Kenya,1480
KEN.16_1,KEN,Kenya,1481
KEN.17_1,KEN,Kenya,1482
KEN.18_1,KEN,Kenya,1483
KEN.19_1,KEN,Kenya,1484
KEN.20_1,KEN,Kenya,1486
KEN.21_1,KEN,Kenya,1487
KEN.22_1,KEN,Kenya,1488
KEN.23_1,KEN,Kenya,1489
KEN.24_1,KEN,Kenya,1490
KEN.25_1,KEN,Kenya,1491
KEN.26_1,KEN,Kenya,1492
KEN.27_1,KEN,Kenya,1493
KEN.28_1,KEN,Kenya,1494
KEN.29_1,KEN,Kenya,1495
KEN.30_1,KEN,Kenya,1497
KEN.31_1,KEN,Kenya,1498
KEN.32_1,KEN,Kenya,1499
KEN.33_1,KEN,Kenya,1500
KEN.34_1,KEN,Kenya,1501
KEN.35_1,KEN,Kenya,1502
KEN.36_1,KEN,Kenya,1503
KEN.37_1,KEN,Kenya,1504
KEN.38_1,KEN,Kenya,1505
KEN.39_1,KEN,Kenya,1506
KEN.40_1,KEN,Kenya,1508
KEN.41_1,KEN,Kenya,1509
KEN.42_1,KEN,Kenya,1510
KEN.43_1,KEN,Kenya,1511
KEN.44_1,KEN,Kenya,1512
KEN.45_1,KEN,Kenya,1513
KEN.46_1,KEN,Kenya,1514
KEN.47_1,KEN,Kenya,1515
KGZ.1_1,KGZ,Kyrgyzstan,1521
KGZ.2_1,KGZ,Kyrgyzstan,1522
KGZ.3_1,KGZ,Kyrgyzstan,1523
KGZ.4_1,KGZ,Kyrgyzstan,1524
KGZ.5_1,KGZ,Kyrgyzstan,1525
KGZ.7_1,KGZ,Kyrgyzstan,1527
KGZ.6_1,KGZ,Kyrgyzstan,1526
KGZ.8_1,KGZ,Kyrgyzstan,1528
KGZ.9_1,KGZ,Kyrgyzstan,1529
KHM.1_1,KHM,Cambodia,1530
KHM.2_1,KHM,Cambodia,1541
KHM.3_1,KHM,Cambodia,1548
KHM.4_1,KHM,Cambodia,1549
KHM.5_1,KHM,Cambodia,1550
KHM.6_1,KHM,Cambodia,1551
KHM.7_1,KHM,Cambodia,1552
KHM.8_1,KHM,Cambodia,1553
KHM.9_1,KHM,Cambodia,1554
KHM.10_1,KHM,Cambodia,1531
KHM.11_1,KHM,Cambodia,1532
KHM.12_1,KHM,Cambodia,1533
KHM.13_1,KHM,Cambodia,1534
KHM.14_1,KHM,Cambodia,1535
KHM.15_1,KHM,Cambodia,1536
KHM.16_1,KHM,Cambodia,1537
KHM.17_1,KHM,Cambodia,1538
KHM.18_1,KHM,Cambodia,1539
KHM.19_1,KHM,Cambodia,1540
KHM.20_1,KHM,Cambodia,1542
KHM.21_1,KHM,Cambodia,1543
KHM.22_1,KHM,Cambodia,1544
KHM.23_1,KHM,Cambodia,1545
KHM.24_1,KHM,Cambodia,1546
KHM.25_1,KHM,Cambodia,1547
KNA.1_1,KNA,Saint Kitts and Nevis,1556
KNA.2_1,KNA,Saint Kitts and Nevis,1562
KNA.3_1,KNA,Saint Kitts and Nevis,1563
KNA.4_1,KNA,Saint Kitts and Nevis,1564
KNA.5_1,KNA,Saint Kitts and Nevis,1565
KNA.6_1,KNA,Saint Kitts and Nevis,1566
KNA.7_1,KNA,Saint Kitts and Nevis,1567
KNA.8_1,KNA,Saint Kitts and Nevis,1568
KNA.9_1,KNA,Saint Kitts and Nevis,1569
KNA.10_1,KNA,Saint Kitts and Nevis,1557
KNA.11_1,KNA,Saint Kitts and Nevis,1558
KNA.12_1,KNA,Saint Kitts and Nevis,1559
KNA.13_1,KNA,Saint Kitts and Nevis,1560
KNA.14_1,KNA,Saint Kitts and Nevis,1561
KOR.1_1,KOR,South Korea,1570
KOR.2_1,KOR,South Korea,1579
KOR.3_1,KOR,South Korea,1580
KOR.4_1,KOR,South Korea,1581
KOR.5_1,KOR,South Korea,1582
KOR.6_1,KOR,South Korea,1583
KOR.7_1,KOR,South Korea,1584
KOR.8_1,KOR,South Korea,1585
KOR.9_1,KOR,South Korea,1586
KOR.10_1,KOR,South Korea,1571
KOR.11_1,KOR,South Korea,1572
KOR.12_1,KOR,South Korea,1573
KOR.13_1,KOR,South Korea,1574
KOR.14_1,KOR,South Korea,1575
KOR.15_1,KOR,South Korea,1576
KOR.16_1,KOR,South Korea,1577
KOR.17_1,KOR,South Korea,1578
KWT.1_1,KWT,Kuwait,1587
KWT.2_1,KWT,Kuwait,1588
KWT.3_1,KWT,Kuwait,1589
KWT.4_1,KWT,Kuwait,1590
KWT.5_1,KWT,Kuwait,1591
KWT.6_1,KWT,Kuwait,1592
LAO.1_1,LAO,Laos,1593
LAO.2_1,LAO,Laos,1603
LAO.3_1,LAO,Laos,1604
LAO.4_1,LAO,Laos,1605
LAO.5_1,LAO,Laos,1606
LAO.6_1,LAO,Laos,1607
LAO.7_1,LAO,Laos,1608
LAO.8_1,LAO,Laos,1609
LAO.9_1,LAO,Laos,1610
LAO.10_1,LAO,Laos,1594
LAO.11_1,LAO,Laos,1595
LAO.12_1,LAO,Laos,1596
LAO.14_1,LAO,Laos,1598
LAO.13_1,LAO,Laos,1597
LAO.15_1,LAO,Laos,1599
LAO.16_1,LAO,Laos,1600
LAO.17_1,LAO,Laos,1601
LAO.18_1,LAO,Laos,1602
LBN.1_1,LBN,Lebanon,1611
LBN.2_1,LBN,Lebanon,1612
LBN.3_1,LBN,Lebanon,1613
LBN.4_1,LBN,Lebanon,1614
LBN.5_1,LBN,Lebanon,1615
LBN.6_1,LBN,Lebanon,1616
LBN.7_1,LBN,Lebanon,1617
LBN.8_1,LBN,Lebanon,1618
LBR.1_1,LBR,Liberia,1619
LBR.2_1,LBR,Liberia,1626
LBR.3_1,LBR,Liberia,1627
LBR.4_1,LBR,Liberia,1628
LBR.5_1,LBR,Liberia,1629
LBR.6_1,LBR,Liberia,1630
LBR.7_1,LBR,Liberia,1631
LBR.8_1,LBR,Liberia,1632
LBR.9_1,LBR,Liberia,1633
LBR.10_1,LBR,Liberia,1620
LBR.11_1,LBR,Liberia,1621
LBR.12_1,LBR,Liberia,1622
LBR.13_1,LBR,Liberia,1623
LBR.14_1,LBR,Liberia,1624
LBR.15_1,LBR,Liberia,1625
LBY.1_1,LBY,Libya,1634
LBY.2_1,LBY,Libya,1645
LBY.3_1,LBY,Libya,1649
LBY.4_1,LBY,Libya,1650
LBY.5_1,LBY,Libya,1651
LBY.6_1,LBY,Libya,1652
LBY.7_1,LBY,Libya,1653
LBY.8_1,LBY,Libya,1654
LBY.9_1,LBY,Libya,1655
LBY.10_1,LBY,Libya,1635
LBY.11_1,LBY,Libya,1636
LBY.12_1,LBY,Libya,1637
LBY.13_1,LBY,Libya,1638
LBY.14_1,LBY,Libya,1639
LBY.15_1,LBY,Libya,1640
LBY.16_1,LBY,Libya,1641
LBY.17_1,LBY,Libya,1642
LBY.18_1,LBY,Libya,1643
LBY.19_1,LBY,Libya,1644
LBY.20_1,LBY,Libya,1646
LBY.21_1,LBY,Libya,1647
LBY.22_1,LBY,Libya,1648
LCA.1_1,LCA,Saint Lucia,1656
LCA.2_1,LCA,Saint Lucia,1658
LCA.3_1,LCA,Saint Lucia,1659
LCA.4_1,LCA,Saint Lucia,1660
LCA.5_1,LCA,Saint Lucia,1661
LCA.6_1,LCA,Saint Lucia,1662
LCA.7_1,LCA,Saint Lucia,1663
LCA.8_1,LCA,Saint Lucia,1664
LCA.9_1,LCA,Saint Lucia,1665
LCA.10_1,LCA,Saint Lucia,1657
LIE.1_1,LIE,Liechtenstein,1666
LIE.2_1,LIE,Liechtenstein,1669
LIE.3_1,LIE,Liechtenstein,1670
LIE.4_1,LIE,Liechtenstein,1671
LIE.5_1,LIE,Liechtenstein,1672
LIE.6_1,LIE,Liechtenstein,1673
LIE.7_1,LIE,Liechtenstein,1674
LIE.8_1,LIE,Liechtenstein,1675
LIE.9_1,LIE,Liechtenstein,1676
LIE.10_1,LIE,Liechtenstein,1667
LIE.11_1,LIE,Liechtenstein,1668
LKA.1_1,LKA,Sri Lanka,1677
LKA.2_1,LKA,Sri Lanka,1688
LKA.3_1,LKA,Sri Lanka,1695
LKA.4_1,LKA,Sri Lanka,1696
LKA.5_1,LKA,Sri Lanka,1697
LKA.6_1,LKA,Sri Lanka,1698
LKA.7_1,LKA,Sri Lanka,1699
LKA.8_1,LKA,Sri Lanka,1700
LKA.9_1,LKA,Sri Lanka,1701
LKA.10_1,LKA,Sri Lanka,1678
LKA.11_1,LKA,Sri Lanka,1679
LKA.12_1,LKA,Sri Lanka,1680
LKA.13_1,LKA,Sri Lanka,1681
LKA.14_1,LKA,Sri Lanka,1682
LKA.15_1,LKA,Sri Lanka,1683
LKA.16_1,LKA,Sri Lanka,1684
LKA.17_1,LKA,Sri Lanka,1685
LKA.18_1,LKA,Sri Lanka,1686
LKA.19_1,LKA,Sri Lanka,1687
LKA.20_1,LKA,Sri Lanka,1689
LKA.21_1,LKA,Sri Lanka,1690
LKA.22_1,LKA,Sri Lanka,1691
LKA.23_1,LKA,Sri Lanka,1692
LKA.24_1,LKA,Sri Lanka,1693
LKA.25_1,LKA,Sri Lanka,1694
LSO.1_1,LSO,Lesotho,1702
LSO.2_1,LSO,Lesotho,1704
LSO.3_1,LSO,Lesotho,1705
LSO.4_1,LSO,Lesotho,1706
LSO.5_1,LSO,Lesotho,1707
LSO.6_1,LSO,Lesotho,1708
LSO.7_1,LSO,Lesotho,1709
LSO.8_1,LSO,Lesotho,1710
LSO.9_1,LSO,Lesotho,1711
LSO.10_1,LSO,Lesotho,1703
LTU.1_1,LTU,Lithuania,1712
LTU.2_1,LTU,Lithuania,1714
LTU.3_1,LTU,Lithuania,1715
LTU.4_1,LTU,Lithuania,1716
LTU.5_1,LTU,Lithuania,1717
LTU.6_1,LTU,Lithuania,1718
LTU.7_1,LTU,Lithuania,1719
LTU.8_1,LTU,Lithuania,1720
LTU.9_1,LTU,Lithuania,1721
LTU.10_1,LTU,Lithuania,1713
LUX.1_1,LUX,Luxembourg,1722
LUX.2_1,LUX,Luxembourg,1723
LUX.3_1,LUX,Luxembourg,1724
LVA.1_1,LVA,Latvia,1725
LVA.2_1,LVA,Latvia,1726
LVA.3_1,LVA,Latvia,1727
LVA.4_1,LVA,Latvia,1728
LVA.5_1,LVA,Latvia,1729
MAC.1_1,MAC,Macao,1730
MAC.2_1,MAC,Macao,1731
MAR.1_1,MAR,Morocco,1733
MAR.2_1,MAR,Morocco,1740
MAR.3_1,MAR,Morocco,1741
MAR.4_1,MAR,Morocco,1742
MAR.5_1,MAR,Morocco,1743
MAR.6_1,MAR,Morocco,1744
MAR.7_1,MAR,Morocco,1745
MAR.8_1,MAR,Morocco,1746
MAR.9_1,MAR,Morocco,1747
MAR.10_1,MAR,Morocco,1734
MAR.11_1,MAR,Morocco,1735
MAR.12_1,MAR,Morocco,1736
MAR.13_1,MAR,Morocco,1737
MAR.14_1,MAR,Morocco,1738
MAR.15_1,MAR,Morocco,1739
MDA.1_1,MDA,Moldova,1749
MDA.2_1,MDA,Moldova,1760
MDA.3_1,MDA,Moldova,1771
MDA.4_1,MDA,Moldova,1780
MDA.5_1,MDA,Moldova,1781
MDA.6_1,MDA,Moldova,1782
MDA.7_1,MDA,Moldova,1783
MDA.8_1,MDA,Moldova,1784
MDA.9_1,MDA,Moldova,1785
MDA.10_1,MDA,Moldova,1750
MDA.11_1,MDA,Moldova,1751
MDA.12_1,MDA,Moldova,1752
MDA.13_1,MDA,Moldova,1753
MDA.14_1,MDA,Moldova,1754
MDA.15_1,MDA,Moldova,1755
MDA.16_1,MDA,Moldova,1756
MDA.17_1,MDA,Moldova,1757
MDA.18_1,MDA,Moldova,1758
MDA.19_1,MDA,Moldova,1759
MDA.20_1,MDA,Moldova,1761
MDA.21_1,MDA,Moldova,1762
MDA.22_1,MDA,Moldova,1763
MDA.23_1,MDA,Moldova,1764
MDA.24_1,MDA,Moldova,1765
MDA.25_1,MDA,Moldova,1766
MDA.26_1,MDA,Moldova,1767
MDA.27_1,MDA,Moldova,1768
MDA.28_1,MDA,Moldova,1769
MDA.29_1,MDA,Moldova,1770
MDA.30_1,MDA,Moldova,1772
MDA.31_1,MDA,Moldova,1773
MDA.32_1,MDA,Moldova,1774
MDA.33_1,MDA,Moldova,1775
MDA.34_1,MDA,Moldova,1776
MDA.35_1,MDA,Moldova,1777
MDA.36_1,MDA,Moldova,1778
MDA.37_1,MDA,Moldova,1779
MDG.1_1,MDG,Madagascar,1786
MDG.2_1,MDG,Madagascar,1787
MDG.3_1,MDG,Madagascar,1788
MDG.4_1,MDG,Madagascar,1789
MDG.5_1,MDG,Madagascar,1790
MDG.6_1,MDG,Madagascar,1791
MEX.1_1,MEX,Mexico,1793
MEX.3_1,MEX,Mexico,1815
MEX.2_1,MEX,Mexico,1804
MEX.4_1,MEX,Mexico,1819
MEX.5_1,MEX,Mexico,1820
MEX.6_1,MEX,Mexico,1821
MEX.7_1,MEX,Mexico,1822
MEX.8_1,MEX,Mexico,1823
MEX.9_1,MEX,Mexico,1824
MEX.10_1,MEX,Mexico,1794
MEX.11_1,MEX,Mexico,1795
MEX.12_1,MEX,Mexico,1796
MEX.13_1,MEX,Mexico,1797
MEX.14_1,MEX,Mexico,1798
MEX.15_1,MEX,Mexico,1799
MEX.16_1,MEX,Mexico,1800
MEX.17_1,MEX,Mexico,1801
MEX.18_1,MEX,Mexico,1802
MEX.19_1,MEX,Mexico,1803
MEX.20_1,MEX,Mexico,1805
MEX.21_1,MEX,Mexico,1806
MEX.22_1,MEX,Mexico,1807
MEX.23_1,MEX,Mexico,1808
MEX.24_1,MEX,Mexico,1809
MEX.25_1,MEX,Mexico,1810
MEX.26_1,MEX,Mexico,1811
MEX.27_1,MEX,Mexico,1812
MEX.28_1,MEX,Mexico,1813
MEX.29_1,MEX,Mexico,1814
MEX.30_1,MEX,Mexico,1816
MEX.31_1,MEX,Mexico,1817
MEX.32_1,MEX,Mexico,1818
MKD.1_1,MKD,Macedonia,1826
MKD.2_1,MKD,Macedonia,1837
MKD.3_1,MKD,Macedonia,1848
MKD.4_1,MKD,Macedonia,1859
MKD.5_1,MKD,Macedonia,1870
MKD.6_1,MKD,Macedonia,1881
MKD.7_1,MKD,Macedonia,1892
MKD.8_1,MKD,Macedonia,1903
MKD.9_1,MKD,Macedonia,1910
MKD.10_1,MKD,Macedonia,1827
MKD.11_1,MKD,Macedonia,1828
MKD.12_1,MKD,Macedonia,1829
MKD.13_1,MKD,Macedonia,1830
MKD.14_1,MKD,Macedonia,1831
MKD.15_1,MKD,Macedonia,1832
MKD.16_1,MKD,Macedonia,1833
MKD.17_1,MKD,Macedonia,1834
MKD.18_1,MKD,Macedonia,1835
MKD.19_1,MKD,Macedonia,1836
MKD.20_1,MKD,Macedonia,1838
MKD.21_1,MKD,Macedonia,1839
MKD.22_1,MKD,Macedonia,1840
MKD.23_1,MKD,Macedonia,1841
MKD.24_1,MKD,Macedonia,1842
MKD.25_1,MKD,Macedonia,1843
MKD.26_1,MKD,Macedonia,1844
MKD.27_1,MKD,Macedonia,1845
MKD.28_1,MKD,Macedonia,1846
MKD.29_1,MKD,Macedonia,1847
MKD.30_1,MKD,Macedonia,1849
MKD.31_1,MKD,Macedonia,1850
MKD.32_1,MKD,Macedonia,1851
MKD.33_1,MKD,Macedonia,1852
MKD.34_1,MKD,Macedonia,1853
MKD.35_1,MKD,Macedonia,1854
MKD.36_1,MKD,Macedonia,1855
MKD.37_1,MKD,Macedonia,1856
MKD.38_1,MKD,Macedonia,1857
MKD.39_1,MKD,Macedonia,1858
MKD.40_1,MKD,Macedonia,1860
MKD.41_1,MKD,Macedonia,1861
MKD.42_1,MKD,Macedonia,1862
MKD.43_1,MKD,Macedonia,1863
MKD.44_1,MKD,Macedonia,1864
MKD.45_1,MKD,Macedonia,1865
MKD.46_1,MKD,Macedonia,1866
MKD.47_1,MKD,Macedonia,1867
MKD.48_1,MKD,Macedonia,1868
MKD.49_1,MKD,Macedonia,1869
MKD.50_1,MKD,Macedonia,1871
MKD.51_1,MKD,Macedonia,1872
MKD.52_1,MKD,Macedonia,1873
MKD.53_1,MKD,Macedonia,1874
MKD.54_1,MKD,Macedonia,1875
MKD.55_1,MKD,Macedonia,1876
MKD.56_1,MKD,Macedonia,1877
MKD.57_1,MKD,Macedonia,1878
MKD.58_1,MKD,Macedonia,1879
MKD.59_1,MKD,Macedonia,1880
MKD.60_1,MKD,Macedonia,1882
MKD.61_1,MKD,Macedonia,1883
MKD.62_1,MKD,Macedonia,1884
MKD.63_1,MKD,Macedonia,1885
MKD.64_1,MKD,Macedonia,1886
MKD.65_1,MKD,Macedonia,1887
MKD.66_1,MKD,Macedonia,1888
MKD.67_1,MKD,Macedonia,1889
MKD.68_1,MKD,Macedonia,1890
MKD.69_1,MKD,Macedonia,1891
MKD.70_1,MKD,Macedonia,1893
MKD.71_1,MKD,Macedonia,1894
MKD.72_1,MKD,Macedonia,1895
MKD.73_1,MKD,Macedonia,1896
MKD.74_1,MKD,Macedonia,1897
MKD.75_1,MKD,Macedonia,1898
MKD.76_1,MKD,Macedonia,1899
MKD.77_1,MKD,Macedonia,1900
MKD.78_1,MKD,Macedonia,1901
MKD.79_1,MKD,Macedonia,1902
MKD.80_1,MKD,Macedonia,1904
MKD.81_1,MKD,Macedonia,1905
MKD.82_1,MKD,Macedonia,1906
MKD.83_1,MKD,Macedonia,1907
MKD.84_1,MKD,Macedonia,1908
MKD.85_1,MKD,Macedonia,1909
MLI.1_1,MLI,Mali,1911
MLI.2_1,MLI,Mali,1912
MLI.3_1,MLI,Mali,1913
MLI.4_1,MLI,Mali,1914
MLI.5_1,MLI,Mali,1915
MLI.6_1,MLI,Mali,1916
MLI.7_1,MLI,Mali,1917
MLI.8_1,MLI,Mali,1918
MLI.9_1,MLI,Mali,1919
MLT.1_1,MLT,Malta,1920
MLT.2_1,MLT,Malta,1921
MLT.3_1,MLT,Malta,1922
MLT.4_1,MLT,Malta,1923
MLT.5_1,MLT,Malta,1924
MMR.1_1,MMR,Myanmar,1925
MMR.2_1,MMR,Myanmar,1932
MMR.3_1,MMR,Myanmar,1933
MMR.4_1,MMR,Myanmar,1934
MMR.5_1,MMR,Myanmar,1935
MMR.6_1,MMR,Myanmar,1936
MMR.7_1,MMR,Myanmar,1937
MMR.8_1,MMR,Myanmar,1938
MMR.9_1,MMR,Myanmar,1939
MMR.10_1,MMR,Myanmar,1926
MMR.11_1,MMR,Myanmar,1927
MMR.12_1,MMR,Myanmar,1928
MMR.13_1,MMR,Myanmar,1929
MMR.14_1,MMR,Myanmar,1930
MMR.15_1,MMR,Myanmar,1931
MNE.1_1,MNE,Montenegro,1940
MNE.2_1,MNE,Montenegro,1951
MNE.3_1,MNE,Montenegro,1954
MNE.4_1,MNE,Montenegro,1955
MNE.5_1,MNE,Montenegro,1956
MNE.6_1,MNE,Montenegro,1957
MNE.7_1,MNE,Montenegro,1958
MNE.8_1,MNE,Montenegro,1959
MNE.9_1,MNE,Montenegro,1960
MNE.10_1,MNE,Montenegro,1941
MNE.11_1,MNE,Montenegro,1942
MNE.12_1,MNE,Montenegro,1943
MNE.13_1,MNE,Montenegro,1944
MNE.14_1,MNE,Montenegro,1945
MNE.15_1,MNE,Montenegro,1946
MNE.16_1,MNE,Montenegro,1947
MNE.17_1,MNE,Montenegro,1948
MNE.18_1,MNE,Montenegro,1949
MNE.19_1,MNE,Montenegro,1950
MNE.20_1,MNE,Montenegro,1952
MNE.21_1,MNE,Montenegro,1953
MNG.1_1,MNG,Mongolia,1961
MNG.2_1,MNG,Mongolia,1972
MNG.3_1,MNG,Mongolia,1976
MNG.4_1,MNG,Mongolia,1977
MNG.5_1,MNG,Mongolia,1978
MNG.6_1,MNG,Mongolia,1979
MNG.7_1,MNG,Mongolia,1980
MNG.8_1,MNG,Mongolia,1981
MNG.9_1,MNG,Mongolia,1982
MNG.10_1,MNG,Mongolia,1962
MNG.11_1,MNG,Mongolia,1963
MNG.12_1,MNG,Mongolia,1964
MNG.13_1,MNG,Mongolia,1965
MNG.14_1,MNG,Mongolia,1966
MNG.15_1,MNG,Mongolia,1967
MNG.16_1,MNG,Mongolia,1968
MNG.17_1,MNG,Mongolia,1969
MNG.18_1,MNG,Mongolia,1970
MNG.19_1,MNG,Mongolia,1971
MNG.20_1,MNG,Mongolia,1973
MNG.21_1,MNG,Mongolia,1974
MNG.22_1,MNG,Mongolia,1975
MNP.1_1,MNP,Northern Mariana Islands,1983
MNP.2_1,MNP,Northern Mariana Islands,1984
MNP.3_1,MNP,Northern Mariana Islands,1985
MNP.4_1,MNP,Northern Mariana Islands,1986
MOZ.1_1,MOZ,Mozambique,1987
MOZ.2_1,MOZ,Mozambique,1990
MOZ.3_1,MOZ,Mozambique,1991
MOZ.4_1,MOZ,Mozambique,1992
MOZ.6_1,MOZ,Mozambique,1994
MOZ.5_1,MOZ,Mozambique,1993
MOZ.7_1,MOZ,Mozambique,1995
MOZ.8_1,MOZ,Mozambique,1996
MOZ.9_1,MOZ,Mozambique,1997
MOZ.10_1,MOZ,Mozambique,1988
MOZ.11_1,MOZ,Mozambique,1989
MRT.1_1,MRT,Mauritania,1998
MRT.2_1,MRT,Mauritania,2003
MRT.3_1,MRT,Mauritania,2004
MRT.4_1,MRT,Mauritania,2005
MRT.5_1,MRT,Mauritania,2006
MRT.6_1,MRT,Mauritania,2007
MRT.7_1,MRT,Mauritania,2008
MRT.8_1,MRT,Mauritania,2009
MRT.9_1,MRT,Mauritania,2010
MRT.10_1,MRT,Mauritania,1999
MRT.11_1,MRT,Mauritania,2000
MRT.12_1,MRT,Mauritania,2001
MRT.13_1,MRT,Mauritania,2002
MSR.1_1,MSR,Montserrat,2011
MSR.2_1,MSR,Montserrat,2012
MSR.3_1,MSR,Montserrat,2013
MTQ.1_1,MTQ,Martinique,2014
MTQ.2_1,MTQ,Martinique,2015
MTQ.3_1,MTQ,Martinique,2016
MTQ.4_1,MTQ,Martinique,2017
MUS.1_1,MUS,Mauritius,2018
MUS.2_1,MUS,Mauritius,2022
MUS.3_1,MUS,Mauritius,2023
MUS.4_1,MUS,Mauritius,2024
MUS.5_1,MUS,Mauritius,2025
MUS.6_1,MUS,Mauritius,2026
MUS.7_1,MUS,Mauritius,2027
MUS.8_1,MUS,Mauritius,2028
MUS.9_1,MUS,Mauritius,2029
MUS.10_1,MUS,Mauritius,2019
MUS.11_1,MUS,Mauritius,2020
MUS.12_1,MUS,Mauritius,2021
MWI.1_1,MWI,Malawi,2030
MWI.2_1,MWI,Malawi,2041
MWI.3_1,MWI,Malawi,2051
MWI.4_1,MWI,Malawi,2052
MWI.5_1,MWI,Malawi,2053
MWI.6_1,MWI,Malawi,2054
MWI.7_1,MWI,Malawi,2055
MWI.8_1,MWI,Malawi,2056
MWI.9_1,MWI,Malawi,2057
MWI.10_1,MWI,Malawi,2031
MWI.11_1,MWI,Malawi,2032
MWI.12_1,MWI,Malawi,2033
MWI.13_1,MWI,Malawi,2034
MWI.14_1,MWI,Malawi,2035
MWI.15_1,MWI,Malawi,2036
MWI.16_1,MWI,Malawi,2037
MWI.17_1,MWI,Malawi,2038
MWI.18_1,MWI,Malawi,2039
MWI.19_1,MWI,Malawi,2040
MWI.20_1,MWI,Malawi,2042
MWI.21_1,MWI,Malawi,2043
MWI.22_1,MWI,Malawi,2044
MWI.23_1,MWI,Malawi,2045
MWI.24_1,MWI,Malawi,2046
MWI.25_1,MWI,Malawi,2047
MWI.26_1,MWI,Malawi,2048
MWI.27_1,MWI,Malawi,2049
MWI.28_1,MWI,Malawi,2050
MYS.1_1,MYS,Malaysia,2058
MYS.2_1,MYS,Malaysia,2066
MYS.3_1,MYS,Malaysia,2067
MYS.4_1,MYS,Malaysia,2068
MYS.5_1,MYS,Malaysia,2069
MYS.6_1,MYS,Malaysia,2070
MYS.7_1,MYS,Malaysia,2071
MYS.8_1,MYS,Malaysia,2072
MYS.9_1,MYS,Malaysia,2073
MYS.10_1,MYS,Malaysia,2059
MYS.11_1,MYS,Malaysia,2060
MYS.12_1,MYS,Malaysia,2061
MYS.13_1,MYS,Malaysia,2062
MYS.14_1,MYS,Malaysia,2063
MYS.15_1,MYS,Malaysia,2064
MYS.16_1,MYS,Malaysia,2065
MYT.1_1,MYT,Mayotte,2074
MYT.2_1,MYT,Mayotte,2083
MYT.3_1,MYT,Mayotte,2084
MYT.4_1,MYT,Mayotte,2085
MYT.5_1,MYT,Mayotte,2086
MYT.6_1,MYT,Mayotte,2087
MYT.7_1,MYT,Mayotte,2088
MYT.8_1,MYT,Mayotte,2089
MYT.9_1,MYT,Mayotte,2090
MYT.10_1,MYT,Mayotte,2075
MYT.11_1,MYT,Mayotte,2076
MYT.12_1,MYT,Mayotte,2077
MYT.13_1,MYT,Mayotte,2078
MYT.14_1,MYT,Mayotte,2079
MYT.15_1,MYT,Mayotte,2080
MYT.16_1,MYT,Mayotte,2081
MYT.17_1,MYT,Mayotte,2082
NAM.1_1,NAM,Namibia,2091
NAM.2_1,NAM,Namibia,2096
NAM.3_1,NAM,Namibia,2097
NAM.4_1,NAM,Namibia,2098
NAM.5_1,NAM,Namibia,2099
NAM.6_1,NAM,Namibia,2100
NAM.7_1,NAM,Namibia,2101
NAM.8_1,NAM,Namibia,2102
NAM.9_1,NAM,Namibia,2103
NAM.10_1,NAM,Namibia,2092
NAM.11_1,NAM,Namibia,2093
NAM.12_1,NAM,Namibia,2094
NAM.13_1,NAM,Namibia,2095
NCL.1_1,NCL,New Caledonia,2104
NCL.2_1,NCL,New Caledonia,2105
NCL.3_1,NCL,New Caledonia,2106
NER.1_1,NER,Niger,2107
NER.2_1,NER,Niger,2108
NER.3_1,NER,Niger,2109
NER.4_1,NER,Niger,2110
NER.5_1,NER,Niger,2111
NER.6_1,NER,Niger,2112
NER.7_1,NER,Niger,2113
NER.8_1,NER,Niger,2114
NGA.1_1,NGA,Nigeria,2116
NGA.2_1,NGA,Nigeria,2127
NGA.3_1,NGA,Nigeria,2138
NGA.4_1,NGA,Nigeria,2147
NGA.5_1,NGA,Nigeria,2148
NGA.6_1,NGA,Nigeria,2149
NGA.7_1,NGA,Nigeria,2150
NGA.8_1,NGA,Nigeria,2151
NGA.9_1,NGA,Nigeria,2152
NGA.10_1,NGA,Nigeria,2117
NGA.11_1,NGA,Nigeria,2118
NGA.12_1,NGA,Nigeria,2119
NGA.13_1,NGA,Nigeria,2120
NGA.14_1,NGA,Nigeria,2121
NGA.15_1,NGA,Nigeria,2122
NGA.16_1,NGA,Nigeria,2123
NGA.17_1,NGA,Nigeria,2124
NGA.18_1,NGA,Nigeria,2125
NGA.19_1,NGA,Nigeria,2126
NGA.20_1,NGA,Nigeria,2128
NGA.21_1,NGA,Nigeria,2129
NGA.22_1,NGA,Nigeria,2130
NGA.23_1,NGA,Nigeria,2131
NGA.24_1,NGA,Nigeria,2132
NGA.25_1,NGA,Nigeria,2133
NGA.26_1,NGA,Nigeria,2134
NGA.27_1,NGA,Nigeria,2135
NGA.28_1,NGA,Nigeria,2136
NGA.29_1,NGA,Nigeria,2137
NGA.30_1,NGA,Nigeria,2139
NGA.31_1,NGA,Nigeria,2140
NGA.32_1,NGA,Nigeria,2141
NGA.33_1,NGA,Nigeria,2142
NGA.34_1,NGA,Nigeria,2143
NGA.35_1,NGA,Nigeria,2144
NGA.36_1,NGA,Nigeria,2145
NGA.37_1,NGA,Nigeria,2146
NIC.1_1,NIC,Nicaragua,2153
NIC.2_1,NIC,Nicaragua,2163
NIC.3_1,NIC,Nicaragua,2164
NIC.4_1,NIC,Nicaragua,2165
NIC.5_1,NIC,Nicaragua,2166
NIC.6_1,NIC,Nicaragua,2167
NIC.7_1,NIC,Nicaragua,2168
NIC.8_1,NIC,Nicaragua,2169
NIC.9_1,NIC,Nicaragua,2170
NIC.10_1,NIC,Nicaragua,2154
NIC.11_1,NIC,Nicaragua,2155
NIC.12_1,NIC,Nicaragua,2156
NIC.13_1,NIC,Nicaragua,2157
NIC.14_1,NIC,Nicaragua,2158
NIC.15_1,NIC,Nicaragua,2159
NIC.16_1,NIC,Nicaragua,2160
NIC.17_1,NIC,Nicaragua,2161
NIC.18_1,NIC,Nicaragua,2162
NLD.1_1,NLD,Netherlands,2172
NLD.2_1,NLD,Netherlands,2178
NLD.3_1,NLD,Netherlands,2179
NLD.4_1,NLD,Netherlands,2180
NLD.5_1,NLD,Netherlands,2181
NLD.6_1,NLD,Netherlands,2182
NLD.7_1,NLD,Netherlands,2183
NLD.8_1,NLD,Netherlands,2184
NLD.9_1,NLD,Netherlands,2185
NLD.10_1,NLD,Netherlands,2173
NLD.11_1,NLD,Netherlands,2174
NLD.12_1,NLD,Netherlands,2175
NLD.13_1,NLD,Netherlands,2176
NLD.14_1,NLD,Netherlands,2177
NOR.1_1,NOR,Norway,2186
NOR.2_1,NOR,Norway,2197
NOR.3_1,NOR,Norway,2198
NOR.4_1,NOR,Norway,2199
NOR.5_1,NOR,Norway,2200
NOR.6_1,NOR,Norway,2201
NOR.7_1,NOR,Norway,2202
NOR.8_1,NOR,Norway,2203
NOR.9_1,NOR,Norway,2204
NOR.10_1,NOR,Norway,2187
NOR.11_1,NOR,Norway,2188
NOR.12_1,NOR,Norway,2189
NOR.13_1,NOR,Norway,2190
NOR.14_1,NOR,Norway,2191
NOR.15_1,NOR,Norway,2192
NOR.16_1,NOR,Norway,2193
NOR.17_1,NOR,Norway,2194
NOR.18_1,NOR,Norway,2195
NOR.19_1,NOR,Norway,2196
NPL.1_1,NPL,Nepal,2205
NPL.2_1,NPL,Nepal,2206
NPL.3_1,NPL,Nepal,2207
NPL.4_1,NPL,Nepal,2208
NPL.5_1,NPL,Nepal,2209
NRU.1_1,NRU,Nauru,2210
NRU.2_1,NRU,Nauru,2216
NRU.3_1,NRU,Nauru,2217
NRU.4_1,NRU,Nauru,2218
NRU.5_1,NRU,Nauru,2219
NRU.6_1,NRU,Nauru,2220
NRU.7_1,NRU,Nauru,2221
NRU.8_1,NRU,Nauru,2222
NRU.9_1,NRU,Nauru,2223
NRU.10_1,NRU,Nauru,2211
NRU.11_1,NRU,Nauru,2212
NRU.12_1,NRU,Nauru,2213
NRU.13_1,NRU,Nauru,2214
NRU.14_1,NRU,Nauru,2215
NZL.1_1,NZL,New Zealand,2224
NZL.2_1,NZL,New Zealand,2235
NZL.3_1,NZL,New Zealand,2236
NZL.4_1,NZL,New Zealand,2237
NZL.5_1,NZL,New Zealand,2238
NZL.6_1,NZL,New Zealand,2239
NZL.7_1,NZL,New Zealand,2240
NZL.8_1,NZL,New Zealand,2241
NZL.9_1,NZL,New Zealand,2242
NZL.10_1,NZL,New Zealand,2225
NZL.11_1,NZL,New Zealand,2226
NZL.12_1,NZL,New Zealand,2227
NZL.13_1,NZL,New Zealand,2228
NZL.14_1,NZL,New Zealand,2229
NZL.15_1,NZL,New Zealand,2230
NZL.16_1,NZL,New Zealand,2231
NZL.17_1,NZL,New Zealand,2232
NZL.18_1,NZL,New Zealand,2233
NZL.19_1,NZL,New Zealand,2234
OMN.1_1,OMN,Oman,2243
OMN.2_1,OMN,Oman,2246
OMN.3_1,OMN,Oman,2247
OMN.4_1,OMN,Oman,2248
OMN.5_1,OMN,Oman,2249
OMN.6_1,OMN,Oman,2250
OMN.7_1,OMN,Oman,2251
OMN.8_1,OMN,Oman,2252
OMN.9_1,OMN,Oman,2253
OMN.10_1,OMN,Oman,2244
OMN.11_1,OMN,Oman,2245
PAK.1_1,PAK,Pakistan,2254
PAK.2_1,PAK,Pakistan,2255
PAK.3_1,PAK,Pakistan,2256
PAK.4_1,PAK,Pakistan,2257
PAK.5_1,PAK,Pakistan,2258
PAK.6_1,PAK,Pakistan,2259
PAK.7_1,PAK,Pakistan,2260
PAK.8_1,PAK,Pakistan,2261
PAN.1_1,PAN,Panama,2262
PAN.2_1,PAN,Panama,2267
PAN.3_1,PAN,Panama,2268
PAN.4_1,PAN,Panama,2269
PAN.5_1,PAN,Panama,2270
PAN.6_1,PAN,Panama,2271
PAN.7_1,PAN,Panama,2272
PAN.8_1,PAN,Panama,2273
PAN.9_1,PAN,Panama,2274
PAN.10_1,PAN,Panama,2263
PAN.12_1,PAN,Panama,2265
PAN.11_1,PAN,Panama,2264
PAN.13_1,PAN,Panama,2266
PER.1_1,PER,Peru,2276
PER.2_1,PER,Peru,2287
PER.3_1,PER,Peru,2295
PER.4_1,PER,Peru,2296
PER.5_1,PER,Peru,2297
PER.6_1,PER,Peru,2298
PER.7_1,PER,Peru,2299
PER.8_1,PER,Peru,2300
PER.9_1,PER,Peru,2301
PER.10_1,PER,Peru,2277
PER.11_1,PER,Peru,2278
PER.12_1,PER,Peru,2279
PER.13_1,PER,Peru,2280
PER.14_1,PER,Peru,2281
PER.16_1,PER,Peru,2283
PER.15_1,PER,Peru,2282
PER.17_1,PER,Peru,2284
PER.18_1,PER,Peru,2285
PER.19_1,PER,Peru,2286
PER.20_1,PER,Peru,2288
PER.21_1,PER,Peru,2289
PER.22_1,PER,Peru,2290
PER.23_1,PER,Peru,2291
PER.24_1,PER,Peru,2292
PER.25_1,PER,Peru,2293
PER.26_1,PER,Peru,2294
PHL.1_1,PHL,Philippines,2302
PHL.2_1,PHL,Philippines,2313
PHL.3_1,PHL,Philippines,2324
PHL.4_1,PHL,Philippines,2335
PHL.5_1,PHL,Philippines,2346
PHL.6_1,PHL,Philippines,2357
PHL.7_1,PHL,Philippines,2368
PHL.8_1,PHL,Philippines,2379
PHL.9_1,PHL,Philippines,2382
PHL.10_1,PHL,Philippines,2303
PHL.11_1,PHL,Philippines,2304
PHL.12_1,PHL,Philippines,2305
PHL.13_1,PHL,Philippines,2306
PHL.14_1,PHL,Philippines,2307
PHL.15_1,PHL,Philippines,2308
PHL.16_1,PHL,Philippines,2309
PHL.17_1,PHL,Philippines,2310
PHL.18_1,PHL,Philippines,2311
PHL.19_1,PHL,Philippines,2312
PHL.20_1,PHL,Philippines,2314
PHL.21_1,PHL,Philippines,2315
PHL.22_1,PHL,Philippines,2316
PHL.23_1,PHL,Philippines,2317
PHL.24_1,PHL,Philippines,2318
PHL.25_1,PHL,Philippines,2319
PHL.26_1,PHL,Philippines,2320
PHL.27_1,PHL,Philippines,2321
PHL.28_1,PHL,Philippines,2322
PHL.29_1,PHL,Philippines,2323
PHL.30_1,PHL,Philippines,2325
PHL.31_1,PHL,Philippines,2326
PHL.32_1,PHL,Philippines,2327
PHL.33_1,PHL,Philippines,2328
PHL.34_1,PHL,Philippines,2329
PHL.35_1,PHL,Philippines,2330
PHL.36_1,PHL,Philippines,2331
PHL.37_1,PHL,Philippines,2332
PHL.38_1,PHL,Philippines,2333
PHL.39_1,PHL,Philippines,2334
PHL.40_1,PHL,Philippines,2336
PHL.41_1,PHL,Philippines,2337
PHL.42_1,PHL,Philippines,2338
PHL.43_1,PHL,Philippines,2339
PHL.44_1,PHL,Philippines,2340
PHL.45_1,PHL,Philippines,2341
PHL.46_1,PHL,Philippines,2342
PHL.47_1,PHL,Philippines,2343
PHL.48_1,PHL,Philippines,2344
PHL.49_1,PHL,Philippines,2345
PHL.50_1,PHL,Philippines,2347
PHL.51_1,PHL,Philippines,2348
PHL.52_1,PHL,Philippines,2349
PHL.53_1,PHL,Philippines,2350
PHL.54_1,PHL,Philippines,2351
PHL.55_1,PHL,Philippines,2352
PHL.56_1,PHL,Philippines,2353
PHL.57_1,PHL,Philippines,2354
PHL.58_1,PHL,Philippines,2355
PHL.59_1,PHL,Philippines,2356
PHL.60_1,PHL,Philippines,2358
PHL.61_1,PHL,Philippines,2359
PHL.62_1,PHL,Philippines,2360
PHL.63_1,PHL,Philippines,2361
PHL.64_1,PHL,Philippines,2362
PHL.65_1,PHL,Philippines,2363
PHL.66_1,PHL,Philippines,2364
PHL.67_1,PHL,Philippines,2365
PHL.68_1,PHL,Philippines,2366
PHL.69_1,PHL,Philippines,2367
PHL.70_1,PHL,Philippines,2369
PHL.71_1,PHL,Philippines,2370
PHL.72_1,PHL,Philippines,2371
PHL.73_1,PHL,Philippines,2372
PHL.74_1,PHL,Philippines,2373
PHL.75_1,PHL,Philippines,2374
PHL.76_1,PHL,Philippines,2375
PHL.77_1,PHL,Philippines,2376
PHL.78_1,PHL,Philippines,2377
PHL.79_1,PHL,Philippines,2378
PHL.80_1,PHL,Philippines,2380
PHL.81_1,PHL,Philippines,2381
PLW.1_1,PLW,Palau,2383
PLW.2_1,PLW,Palau,2391
PLW.3_1,PLW,Palau,2392
PLW.4_1,PLW,Palau,2393
PLW.5_1,PLW,Palau,2394
PLW.6_1,PLW,Palau,2395
PLW.7_1,PLW,Palau,2396
PLW.8_1,PLW,Palau,2397
PLW.9_1,PLW,Palau,2398
PLW.10_1,PLW,Palau,2384
PLW.11_1,PLW,Palau,2385
PLW.12_1,PLW,Palau,2386
PLW.13_1,PLW,Palau,2387
PLW.14_1,PLW,Palau,2388
PLW.15_1,PLW,Palau,2389
PLW.16_1,PLW,Palau,2390
PNG.1_1,PNG,Papua New Guinea,2399
PNG.2_1,PNG,Papua New Guinea,2410
PNG.3_1,PNG,Papua New Guinea,2414
PNG.4_1,PNG,Papua New Guinea,2415
PNG.5_1,PNG,Papua New Guinea,2416
PNG.6_1,PNG,Papua New Guinea,2417
PNG.7_1,PNG,Papua New Guinea,2418
PNG.8_1,PNG,Papua New Guinea,2419
PNG.9_1,PNG,Papua New Guinea,2420
PNG.10_1,PNG,Papua New Guinea,2400
PNG.11_1,PNG,Papua New Guinea,2401
PNG.12_1,PNG,Papua New Guinea,2402
PNG.13_1,PNG,Papua New Guinea,2403
PNG.14_1,PNG,Papua New Guinea,2404
PNG.15_1,PNG,Papua New Guinea,2405
PNG.16_1,PNG,Papua New Guinea,2406
PNG.17_1,PNG,Papua New Guinea,2407
PNG.18_1,PNG,Papua New Guinea,2408
PNG.19_1,PNG,Papua New Guinea,2409
PNG.20_1,PNG,Papua New Guinea,2411
PNG.22_1,PNG,Papua New Guinea,2413
PNG.21_1,PNG,Papua New Guinea,2412
POL.1_1,POL,Poland,2421
POL.2_1,POL,Poland,2429
POL.3_1,POL,Poland,2430
POL.4_1,POL,Poland,2431
POL.5_1,POL,Poland,2432
POL.6_1,POL,Poland,2433
POL.7_1,POL,Poland,2434
POL.8_1,POL,Poland,2435
POL.9_1,POL,Poland,2436
POL.10_1,POL,Poland,2422
POL.11_1,POL,Poland,2423
POL.12_1,POL,Poland,2424
POL.13_1,POL,Poland,2425
POL.14_1,POL,Poland,2426
POL.15_1,POL,Poland,2427
POL.16_1,POL,Poland,2428
PRI.1_1,PRI,Puerto Rico,2437
PRI.2_1,PRI,Puerto Rico,2448
PRI.3_1,PRI,Puerto Rico,2459
PRI.4_1,PRI,Puerto Rico,2470
PRI.5_1,PRI,Puerto Rico,2481
PRI.6_1,PRI,Puerto Rico,2492
PRI.7_1,PRI,Puerto Rico,2503
PRI.8_1,PRI,Puerto Rico,2513
PRI.9_1,PRI,Puerto Rico,2514
PRI.10_1,PRI,Puerto Rico,2438
PRI.11_1,PRI,Puerto Rico,2439
PRI.12_1,PRI,Puerto Rico,2440
PRI.13_1,PRI,Puerto Rico,2441
PRI.14_1,PRI,Puerto Rico,2442
PRI.15_1,PRI,Puerto Rico,2443
PRI.16_1,PRI,Puerto Rico,2444
PRI.17_1,PRI,Puerto Rico,2445
PRI.18_1,PRI,Puerto Rico,2446
PRI.19_1,PRI,Puerto Rico,2447
PRI.20_1,PRI,Puerto Rico,2449
PRI.21_1,PRI,Puerto Rico,2450
PRI.22_1,PRI,Puerto Rico,2451
PRI.23_1,PRI,Puerto Rico,2452
PRI.24_1,PRI,Puerto Rico,2453
PRI.25_1,PRI,Puerto Rico,2454
PRI.26_1,PRI,Puerto Rico,2455
PRI.27_1,PRI,Puerto Rico,2456
PRI.28_1,PRI,Puerto Rico,2457
PRI.29_1,PRI,Puerto Rico,2458
PRI.30_1,PRI,Puerto Rico,2460
PRI.31_1,PRI,Puerto Rico,2461
PRI.32_1,PRI,Puerto Rico,2462
PRI.33_1,PRI,Puerto Rico,2463
PRI.34_1,PRI,Puerto Rico,2464
PRI.35_1,PRI,Puerto Rico,2465
PRI.36_1,PRI,Puerto Rico,2466
PRI.37_1,PRI,Puerto Rico,2467
PRI.38_1,PRI,Puerto Rico,2468
PRI.39_1,PRI,Puerto Rico,2469
PRI.40_1,PRI,Puerto Rico,2471
PRI.41_1,PRI,Puerto Rico,2472
PRI.42_1,PRI,Puerto Rico,2473
PRI.43_1,PRI,Puerto Rico,2474
PRI.44_1,PRI,Puerto Rico,2475
PRI.45_1,PRI,Puerto Rico,2476
PRI.46_1,PRI,Puerto Rico,2477
PRI.47_1,PRI,Puerto Rico,2478
PRI.48_1,PRI,Puerto Rico,2479
PRI.49_1,PRI,Puerto Rico,2480
PRI.50_1,PRI,Puerto Rico,2482
PRI.51_1,PRI,Puerto Rico,2483
PRI.52_1,PRI,Puerto Rico,2484
PRI.53_1,PRI,Puerto Rico,2485
PRI.54_1,PRI,Puerto Rico,2486
PRI.55_1,PRI,Puerto Rico,2487
PRI.56_1,PRI,Puerto Rico,2488
PRI.57_1,PRI,Puerto Rico,2489
PRI.58_1,PRI,Puerto Rico,2490
PRI.59_1,PRI,Puerto Rico,2491
PRI.60_1,PRI,Puerto Rico,2493
PRI.61_1,PRI,Puerto Rico,2494
PRI.62_1,PRI,Puerto Rico,2495
PRI.63_1,PRI,Puerto Rico,2496
PRI.64_1,PRI,Puerto Rico,2497
PRI.65_1,PRI,Puerto Rico,2498
PRI.66_1,PRI,Puerto Rico,2499
PRI.67_1,PRI,Puerto Rico,2500
PRI.68_1,PRI,Puerto Rico,2501
PRI.69_1,PRI,Puerto Rico,2502
PRI.70_1,PRI,Puerto Rico,2504
PRI.71_1,PRI,Puerto Rico,2505
PRI.72_1,PRI,Puerto Rico,2506
PRI.73_1,PRI,Puerto Rico,2507
PRI.74_1,PRI,Puerto Rico,2508
PRI.75_1,PRI,Puerto Rico,2509
PRI.76_1,PRI,Puerto Rico,2510
PRI.77_1,PRI,Puerto Rico,2511
PRI.78_1,PRI,Puerto Rico,2512
PRK.1_1,PRK,North Korea,2515
PRK.2_1,PRK,North Korea,2521
PRK.3_1,PRK,North Korea,2522
PRK.4_1,PRK,North Korea,2523
PRK.5_1,PRK,North Korea,2524
PRK.6_1,PRK,North Korea,2525
PRK.7_1,PRK,North Korea,2526
PRK.8_1,PRK,North Korea,2527
PRK.9_1,PRK,North Korea,2528
PRK.10_1,PRK,North Korea,2516
PRK.11_1,PRK,North Korea,2517
PRK.12_1,PRK,North Korea,2518
PRK.13_1,PRK,North Korea,2519
PRK.14_1,PRK,North Korea,2520
PRT.1_1,PRT,Portugal,2529
PRT.2_1,PRT,Portugal,2540
PRT.3_1,PRT,Portugal,2542
PRT.4_1,PRT,Portugal,2543
PRT.5_1,PRT,Portugal,2544
PRT.6_1,PRT,Portugal,2545
PRT.7_1,PRT,Portugal,2546
PRT.8_1,PRT,Portugal,2547
PRT.9_1,PRT,Portugal,2548
PRT.10_1,PRT,Portugal,2530
PRT.11_1,PRT,Portugal,2531
PRT.12_1,PRT,Portugal,2532
PRT.13_1,PRT,Portugal,2533
PRT.14_1,PRT,Portugal,2534
PRT.15_1,PRT,Portugal,2535
PRT.16_1,PRT,Portugal,2536
PRT.17_1,PRT,Portugal,2537
PRT.18_1,PRT,Portugal,2538
PRT.19_1,PRT,Portugal,2539
PRT.20_1,PRT,Portugal,2541
PRY.1_1,PRY,Paraguay,2549
PRY.2_1,PRY,Paraguay,2559
PRY.3_1,PRY,Paraguay,2560
PRY.4_1,PRY,Paraguay,2561
PRY.5_1,PRY,Paraguay,2562
PRY.6_1,PRY,Paraguay,2563
PRY.7_1,PRY,Paraguay,2564
PRY.8_1,PRY,Paraguay,2565
PRY.9_1,PRY,Paraguay,2566
PRY.10_1,PRY,Paraguay,2550
PRY.11_1,PRY,Paraguay,2551
PRY.12_1,PRY,Paraguay,2552
PRY.13_1,PRY,Paraguay,2553
PRY.14_1,PRY,Paraguay,2554
PRY.15_1,PRY,Paraguay,2555
PRY.16_1,PRY,Paraguay,2556
PRY.17_1,PRY,Paraguay,2557
PRY.18_1,PRY,Paraguay,2558
PSE.1_1,PSE,Palestina,2567
PSE.2_1,PSE,Palestina,2568
PYF.1_1,PYF,French Polynesia,2569
PYF.2_1,PYF,French Polynesia,2570
PYF.3_1,PYF,French Polynesia,2571
PYF.4_1,PYF,French Polynesia,2572
PYF.5_1,PYF,French Polynesia,2573
QAT.1_1,QAT,Qatar,2574
QAT.2_1,QAT,Qatar,2575
QAT.3_1,QAT,Qatar,2576
QAT.4_1,QAT,Qatar,2577
QAT.5_1,QAT,Qatar,2578
QAT.6_1,QAT,Qatar,2579
QAT.7_1,QAT,Qatar,2580
REU.1_1,REU,Reunion,2581
REU.2_1,REU,Reunion,2582
REU.3_1,REU,Reunion,2583
REU.4_1,REU,Reunion,2584
ROU.1_1,ROU,Romania,2585
ROU.2_1,ROU,Romania,2596
ROU.3_1,ROU,Romania,2607
ROU.4_1,ROU,Romania,2618
ROU.5_1,ROU,Romania,2622
ROU.6_1,ROU,Romania,2623
ROU.7_1,ROU,Romania,2624
ROU.8_1,ROU,Romania,2625
ROU.9_1,ROU,Romania,2626
ROU.10_1,ROU,Romania,2586
ROU.11_1,ROU,Romania,2587
ROU.12_1,ROU,Romania,2588
ROU.13_1,ROU,Romania,2589
ROU.14_1,ROU,Romania,2590
ROU.15_1,ROU,Romania,2591
ROU.16_1,ROU,Romania,2592
ROU.17_1,ROU,Romania,2593
ROU.18_1,ROU,Romania,2594
ROU.19_1,ROU,Romania,2595
ROU.20_1,ROU,Romania,2597
ROU.21_1,ROU,Romania,2598
ROU.22_1,ROU,Romania,2599
ROU.23_1,ROU,Romania,2600
ROU.24_1,ROU,Romania,2601
ROU.25_1,ROU,Romania,2602
ROU.26_1,ROU,Romania,2603
ROU.27_1,ROU,Romania,2604
ROU.28_1,ROU,Romania,2605
ROU.29_1,ROU,Romania,2606
ROU.30_1,ROU,Romania,2608
ROU.31_1,ROU,Romania,2609
ROU.32_1,ROU,Romania,2610
ROU.33_1,ROU,Romania,2611
ROU.34_1,ROU,Romania,2612
ROU.35_1,ROU,Romania,2613
ROU.36_1,ROU,Romania,2614
ROU.37_1,ROU,Romania,2615
ROU.38_1,ROU,Romania,2616
ROU.39_1,ROU,Romania,2617
ROU.40_1,ROU,Romania,2619
ROU.41_1,ROU,Romania,2620
ROU.42_1,ROU,Romania,2621
RUS.1_1,RUS,Russia,2627
RUS.2_1,RUS,Russia,2638
RUS.3_1,RUS,Russia,2649
RUS.4_1,RUS,Russia,2660
RUS.5_1,RUS,Russia,2671
RUS.6_1,RUS,Russia,2682
RUS.7_1,RUS,Russia,2693
RUS.8_1,RUS,Russia,2704
RUS.9_1,RUS,Russia,2709
RUS.10_1,RUS,Russia,2628
RUS.11_1,RUS,Russia,2629
RUS.12_1,RUS,Russia,2630
RUS.13_1,RUS,Russia,2631
RUS.14_1,RUS,Russia,2632
RUS.15_1,RUS,Russia,2633
RUS.16_1,RUS,Russia,2634
RUS.17_1,RUS,Russia,2635
RUS.18_1,RUS,Russia,2636
RUS.19_1,RUS,Russia,2637
RUS.20_1,RUS,Russia,2639
RUS.21_1,RUS,Russia,2640
RUS.22_1,RUS,Russia,2641
RUS.23_1,RUS,Russia,2642
RUS.24_1,RUS,Russia,2643
RUS.25_1,RUS,Russia,2644
RUS.26_1,RUS,Russia,2645
RUS.27_1,RUS,Russia,2646
RUS.28_1,RUS,Russia,2647
RUS.29_1,RUS,Russia,2648
RUS.30_1,RUS,Russia,2650
RUS.31_1,RUS,Russia,2651
RUS.32_1,RUS,Russia,2652
RUS.33_1,RUS,Russia,2653
RUS.34_1,RUS,Russia,2654
RUS.35_1,RUS,Russia,2655
RUS.36_1,RUS,Russia,2656
RUS.37_1,RUS,Russia,2657
RUS.38_1,RUS,Russia,2658
RUS.39_1,RUS,Russia,2659
RUS.40_1,RUS,Russia,2661
RUS.41_1,RUS,Russia,2662
RUS.42_1,RUS,Russia,2663
RUS.43_1,RUS,Russia,2664
RUS.44_1,RUS,Russia,2665
RUS.45_1,RUS,Russia,2666
RUS.46_1,RUS,Russia,2667
RUS.47_1,RUS,Russia,2668
RUS.48_1,RUS,Russia,2669
RUS.49_1,RUS,Russia,2670
RUS.50_1,RUS,Russia,2672
RUS.51_1,RUS,Russia,2673
RUS.52_1,RUS,Russia,2674
RUS.53_1,RUS,Russia,2675
RUS.54_1,RUS,Russia,2676
RUS.55_1,RUS,Russia,2677
RUS.56_1,RUS,Russia,2678
RUS.57_1,RUS,Russia,2679
RUS.58_1,RUS,Russia,2680
RUS.59_1,RUS,Russia,2681
RUS.60_1,RUS,Russia,2683
RUS.61_1,RUS,Russia,2684
RUS.62_1,RUS,Russia,2685
RUS.63_1,RUS,Russia,2686
RUS.64_1,RUS,Russia,2687
RUS.65_1,RUS,Russia,2688
RUS.66_1,RUS,Russia,2689
RUS.67_1,RUS,Russia,2690
RUS.68_1,RUS,Russia,2691
RUS.69_1,RUS,Russia,2692
RUS.70_1,RUS,Russia,2694
RUS.71_1,RUS,Russia,2695
RUS.72_1,RUS,Russia,2696
RUS.73_1,RUS,Russia,2697
RUS.74_1,RUS,Russia,2698
RUS.75_1,RUS,Russia,2699
RUS.76_1,RUS,Russia,2700
RUS.77_1,RUS,Russia,2701
RUS.78_1,RUS,Russia,2702
RUS.79_1,RUS,Russia,2703
RUS.80_1,RUS,Russia,2705
RUS.81_1,RUS,Russia,2706
RUS.82_1,RUS,Russia,2707
RUS.83_1,RUS,Russia,2708
RWA.1_1,RWA,Rwanda,2710
RWA.2_1,RWA,Rwanda,2711
RWA.3_1,RWA,Rwanda,2712
RWA.4_1,RWA,Rwanda,2713
RWA.5_1,RWA,Rwanda,2714
SAU.1_1,SAU,Saudi Arabia,2715
SAU.2_1,SAU,Saudi Arabia,2720
SAU.3_1,SAU,Saudi Arabia,2721
SAU.4_1,SAU,Saudi Arabia,2722
SAU.5_1,SAU,Saudi Arabia,2723
SAU.6_1,SAU,Saudi Arabia,2724
SAU.7_1,SAU,Saudi Arabia,2725
SAU.8_1,SAU,Saudi Arabia,2726
SAU.9_1,SAU,Saudi Arabia,2727
SAU.10_1,SAU,Saudi Arabia,2716
SAU.11_1,SAU,Saudi Arabia,2717
SAU.12_1,SAU,Saudi Arabia,2718
SAU.13_1,SAU,Saudi Arabia,2719
SDN.1_1,SDN,Sudan,2728
SDN.2_1,SDN,Sudan,2738
SDN.3_1,SDN,Sudan,2739
SDN.4_1,SDN,Sudan,2740
SDN.5_1,SDN,Sudan,2741
SDN.6_1,SDN,Sudan,2742
SDN.7_1,SDN,Sudan,2743
SDN.8_1,SDN,Sudan,2744
SDN.9_1,SDN,Sudan,2745
SDN.10_1,SDN,Sudan,2729
SDN.11_1,SDN,Sudan,2730
SDN.12_1,SDN,Sudan,2731
SDN.13_1,SDN,Sudan,2732
SDN.14_1,SDN,Sudan,2733
SDN.15_1,SDN,Sudan,2734
SDN.16_1,SDN,Sudan,2735
SDN.17_1,SDN,Sudan,2736
SDN.18_1,SDN,Sudan,2737
SEN.1_1,SEN,Senegal,2746
SEN.2_1,SEN,Senegal,2752
SEN.3_1,SEN,Senegal,2753
SEN.4_1,SEN,Senegal,2754
SEN.5_1,SEN,Senegal,2755
SEN.6_1,SEN,Senegal,2756
SEN.7_1,SEN,Senegal,2757
SEN.8_1,SEN,Senegal,2758
SEN.9_1,SEN,Senegal,2759
SEN.10_1,SEN,Senegal,2747
SEN.11_1,SEN,Senegal,2748
SEN.12_1,SEN,Senegal,2749
SEN.13_1,SEN,Senegal,2750
SEN.14_1,SEN,Senegal,2751
SGP.1_1,SGP,Singapore,2760
SGP.2_1,SGP,Singapore,2761
SGP.3_1,SGP,Singapore,2762
SGP.4_1,SGP,Singapore,2763
SGP.5_1,SGP,Singapore,2764
SHN.1_1,SHN,Saint Helena,2766
SHN.2_1,SHN,Saint Helena,2767
SHN.3_1,SHN,Saint Helena,2768
SJM.1_1,SJM,Svalbard and Jan Mayen,2769
SJM.2_1,SJM,Svalbard and Jan Mayen,2770
SLB.1_1,SLB,Solomon Islands,2771
SLB.2_1,SLB,Solomon Islands,2773
SLB.3_1,SLB,Solomon Islands,2774
SLB.4_1,SLB,Solomon Islands,2775
SLB.5_1,SLB,Solomon Islands,2776
SLB.6_1,SLB,Solomon Islands,2777
SLB.7_1,SLB,Solomon Islands,2778
SLB.8_1,SLB,Solomon Islands,2779
SLB.9_1,SLB,Solomon Islands,2780
SLB.10_1,SLB,Solomon Islands,2772
SLE.1_1,SLE,Sierra Leone,2781
SLE.2_1,SLE,Sierra Leone,2782
SLE.3_1,SLE,Sierra Leone,2783
SLE.4_1,SLE,Sierra Leone,2784
SLV.1_1,SLV,El Salvador,2785
SLV.2_1,SLV,El Salvador,2791
SLV.3_1,SLV,El Salvador,2792
SLV.4_1,SLV,El Salvador,2793
SLV.5_1,SLV,El Salvador,2794
SLV.6_1,SLV,El Salvador,2795
SLV.7_1,SLV,El Salvador,2796
SLV.8_1,SLV,El Salvador,2797
SLV.9_1,SLV,El Salvador,2798
SLV.10_1,SLV,El Salvador,2786
SLV.11_1,SLV,El Salvador,2787
SLV.12_1,SLV,El Salvador,2788
SLV.13_1,SLV,El Salvador,2789
SLV.14_1,SLV,El Salvador,2790
SMR.1_1,SMR,San Marino,2799
SMR.2_1,SMR,San Marino,2800
SMR.3_1,SMR,San Marino,2801
SMR.4_1,SMR,San Marino,2802
SMR.5_1,SMR,San Marino,2803
SMR.6_1,SMR,San Marino,2804
SMR.7_1,SMR,San Marino,2805
SMR.8_1,SMR,San Marino,2806
SMR.9_1,SMR,San Marino,2807
SOM.1_1,SOM,Somalia,2808
SOM.2_1,SOM,Somalia,2818
SOM.3_1,SOM,Somalia,2819
SOM.4_1,SOM,Somalia,2820
SOM.5_1,SOM,Somalia,2821
SOM.6_1,SOM,Somalia,2822
SOM.7_1,SOM,Somalia,2823
SOM.8_1,SOM,Somalia,2824
SOM.9_1,SOM,Somalia,2825
SOM.10_1,SOM,Somalia,2809
SOM.11_1,SOM,Somalia,2810
SOM.12_1,SOM,Somalia,2811
SOM.13_1,SOM,Somalia,2812
SOM.14_1,SOM,Somalia,2813
SOM.15_1,SOM,Somalia,2814
SOM.16_1,SOM,Somalia,2815
SOM.17_1,SOM,Somalia,2816
SOM.18_1,SOM,Somalia,2817
SPM.1_1,SPM,Saint Pierre and Miquelon,2826
SPM.2_1,SPM,Saint Pierre and Miquelon,2827
SRB.1_1,SRB,Serbia,2828
SRB.2_1,SRB,Serbia,2839
SRB.3_1,SRB,Serbia,2846
SRB.4_1,SRB,Serbia,2847
SRB.5_1,SRB,Serbia,2848
SRB.6_1,SRB,Serbia,2849
SRB.7_1,SRB,Serbia,2850
SRB.8_1,SRB,Serbia,2851
SRB.9_1,SRB,Serbia,2852
SRB.10_1,SRB,Serbia,2829
SRB.11_1,SRB,Serbia,2830
SRB.12_1,SRB,Serbia,2831
SRB.13_1,SRB,Serbia,2832
SRB.14_1,SRB,Serbia,2833
SRB.15_1,SRB,Serbia,2834
SRB.16_1,SRB,Serbia,2835
SRB.17_1,SRB,Serbia,2836
SRB.18_1,SRB,Serbia,2837
SRB.19_1,SRB,Serbia,2838
SRB.20_1,SRB,Serbia,2840
SRB.21_1,SRB,Serbia,2841
SRB.22_1,SRB,Serbia,2842
SRB.23_1,SRB,Serbia,2843
SRB.24_1,SRB,Serbia,2844
SRB.25_1,SRB,Serbia,2845
SSD.1_1,SSD,South Sudan,2853
SSD.2_1,SSD,South Sudan,2855
SSD.3_1,SSD,South Sudan,2856
SSD.4_1,SSD,South Sudan,2857
SSD.5_1,SSD,South Sudan,2858
SSD.6_1,SSD,South Sudan,2859
SSD.7_1,SSD,South Sudan,2860
SSD.8_1,SSD,South Sudan,2861
SSD.9_1,SSD,South Sudan,2862
SSD.10_1,SSD,South Sudan,2854
STP.1_1,STP,SÃ£o TomÃ© and PrÃ­ncipe,2863
STP.2_1,STP,SÃ£o TomÃ© and PrÃ­ncipe,2864
SUR.1_1,SUR,Suriname,2865
SUR.2_1,SUR,Suriname,2867
SUR.3_1,SUR,Suriname,2868
SUR.4_1,SUR,Suriname,2869
SUR.5_1,SUR,Suriname,2870
SUR.6_1,SUR,Suriname,2871
SUR.7_1,SUR,Suriname,2872
SUR.8_1,SUR,Suriname,2873
SUR.9_1,SUR,Suriname,2874
SUR.10_1,SUR,Suriname,2866
SVK.1_1,SVK,Slovakia,2875
SVK.2_1,SVK,Slovakia,2876
SVK.3_1,SVK,Slovakia,2877
SVK.4_1,SVK,Slovakia,2878
SVK.5_1,SVK,Slovakia,2879
SVK.6_1,SVK,Slovakia,2880
SVK.7_1,SVK,Slovakia,2881
SVK.8_1,SVK,Slovakia,2882
SVN.1_1,SVN,Slovenia,2883
SVN.2_1,SVN,Slovenia,2887
SVN.3_1,SVN,Slovenia,2888
SVN.4_1,SVN,Slovenia,2889
SVN.5_1,SVN,Slovenia,2890
SVN.6_1,SVN,Slovenia,2891
SVN.7_1,SVN,Slovenia,2892
SVN.8_1,SVN,Slovenia,2893
SVN.9_1,SVN,Slovenia,2894
SVN.10_1,SVN,Slovenia,2884
SVN.11_1,SVN,Slovenia,2885
SVN.12_1,SVN,Slovenia,2886
SWE.1_1,SWE,Sweden,2895
SWE.2_1,SWE,Sweden,2906
SWE.3_1,SWE,Sweden,2909
SWE.4_1,SWE,Sweden,2910
SWE.5_1,SWE,Sweden,2911
SWE.6_1,SWE,Sweden,2912
SWE.7_1,SWE,Sweden,2913
SWE.8_1,SWE,Sweden,2914
SWE.9_1,SWE,Sweden,2915
SWE.10_1,SWE,Sweden,2896
SWE.11_1,SWE,Sweden,2897
SWE.12_1,SWE,Sweden,2898
SWE.13_1,SWE,Sweden,2899
SWE.14_1,SWE,Sweden,2900
SWE.15_1,SWE,Sweden,2901
SWE.16_1,SWE,Sweden,2902
SWE.17_1,SWE,Sweden,2903
SWE.18_1,SWE,Sweden,2904
SWE.19_1,SWE,Sweden,2905
SWE.20_1,SWE,Sweden,2907
SWE.21_1,SWE,Sweden,2908
SWZ.1_1,SWZ,Swaziland,2916
SWZ.2_1,SWZ,Swaziland,2917
SWZ.3_1,SWZ,Swaziland,2918
SWZ.4_1,SWZ,Swaziland,2919
SYC.1_1,SYC,Seychelles,2921
SYC.2_1,SYC,Seychelles,2932
SYC.3_1,SYC,Seychelles,2940
SYC.4_1,SYC,Seychelles,2941
SYC.5_1,SYC,Seychelles,2942
SYC.6_1,SYC,Seychelles,2943
SYC.7_1,SYC,Seychelles,2944
SYC.8_1,SYC,Seychelles,2945
SYC.9_1,SYC,Seychelles,2946
SYC.10_1,SYC,Seychelles,2922
SYC.11_1,SYC,Seychelles,2923
SYC.12_1,SYC,Seychelles,2924
SYC.13_1,SYC,Seychelles,2925
SYC.14_1,SYC,Seychelles,2926
SYC.15_1,SYC,Seychelles,2927
SYC.16_1,SYC,Seychelles,2928
SYC.17_1,SYC,Seychelles,2929
SYC.18_1,SYC,Seychelles,2930
SYC.19_1,SYC,Seychelles,2931
SYC.20_1,SYC,Seychelles,2933
SYC.21_1,SYC,Seychelles,2934
SYC.22_1,SYC,Seychelles,2935
SYC.23_1,SYC,Seychelles,2936
SYC.24_1,SYC,Seychelles,2937
SYC.25_1,SYC,Seychelles,2938
SYC.26_1,SYC,Seychelles,2939
SYR.1_1,SYR,Syria,2947
SYR.2_1,SYR,Syria,2953
SYR.3_1,SYR,Syria,2954
SYR.4_1,SYR,Syria,2955
SYR.5_1,SYR,Syria,2956
SYR.6_1,SYR,Syria,2957
SYR.7_1,SYR,Syria,2958
SYR.8_1,SYR,Syria,2959
SYR.9_1,SYR,Syria,2960
SYR.10_1,SYR,Syria,2948
SYR.11_1,SYR,Syria,2949
SYR.12_1,SYR,Syria,2950
SYR.13_1,SYR,Syria,2951
SYR.14_1,SYR,Syria,2952
TCA.1_1,TCA,Turks and Caicos Islands,2961
TCA.2_1,TCA,Turks and Caicos Islands,2962
TCA.3_1,TCA,Turks and Caicos Islands,2963
TCA.4_1,TCA,Turks and Caicos Islands,2964
TCA.5_1,TCA,Turks and Caicos Islands,2965
TCA.6_1,TCA,Turks and Caicos Islands,2966
TCD.1_1,TCD,Chad,2967
TCD.2_1,TCD,Chad,2978
TCD.3_1,TCD,Chad,2983
TCD.4_1,TCD,Chad,2984
TCD.5_1,TCD,Chad,2985
TCD.6_1,TCD,Chad,2986
TCD.7_1,TCD,Chad,2987
TCD.8_1,TCD,Chad,2988
TCD.9_1,TCD,Chad,2989
TCD.10_1,TCD,Chad,2968
TCD.11_1,TCD,Chad,2969
TCD.12_1,TCD,Chad,2970
TCD.13_1,TCD,Chad,2971
TCD.14_1,TCD,Chad,2972
TCD.15_1,TCD,Chad,2973
TCD.16_1,TCD,Chad,2974
TCD.17_1,TCD,Chad,2975
TCD.18_1,TCD,Chad,2976
TCD.19_1,TCD,Chad,2977
TCD.20_1,TCD,Chad,2979
TCD.21_1,TCD,Chad,2980
TCD.22_1,TCD,Chad,2981
TCD.23_1,TCD,Chad,2982
TGO.1_1,TGO,Togo,2990
TGO.2_1,TGO,Togo,2991
TGO.3_1,TGO,Togo,2992
TGO.4_1,TGO,Togo,2993
TGO.5_1,TGO,Togo,2994
THA.1_1,THA,Thailand,2995
THA.2_1,THA,Thailand,3006
THA.3_1,THA,Thailand,3017
THA.4_1,THA,Thailand,3028
THA.5_1,THA,Thailand,3039
THA.6_1,THA,Thailand,3050
THA.7_1,THA,Thailand,3061
THA.8_1,THA,Thailand,3070
THA.9_1,THA,Thailand,3071
THA.10_1,THA,Thailand,2996
THA.11_1,THA,Thailand,2997
THA.12_1,THA,Thailand,2998
THA.13_1,THA,Thailand,2999
THA.14_1,THA,Thailand,3000
THA.15_1,THA,Thailand,3001
THA.16_1,THA,Thailand,3002
THA.17_1,THA,Thailand,3003
THA.18_1,THA,Thailand,3004
THA.19_1,THA,Thailand,3005
THA.20_1,THA,Thailand,3007
THA.21_1,THA,Thailand,3008
THA.22_1,THA,Thailand,3009
THA.23_1,THA,Thailand,3010
THA.24_1,THA,Thailand,3011
THA.25_1,THA,Thailand,3012
THA.26_1,THA,Thailand,3013
THA.27_1,THA,Thailand,3014
THA.28_1,THA,Thailand,3015
THA.29_1,THA,Thailand,3016
THA.30_1,THA,Thailand,3018
THA.31_1,THA,Thailand,3019
THA.32_1,THA,Thailand,3020
THA.33_1,THA,Thailand,3021
THA.34_1,THA,Thailand,3022
THA.35_1,THA,Thailand,3023
THA.36_1,THA,Thailand,3024
THA.37_1,THA,Thailand,3025
THA.38_1,THA,Thailand,3026
THA.39_1,THA,Thailand,3027
THA.40_1,THA,Thailand,3029
THA.41_1,THA,Thailand,3030
THA.42_1,THA,Thailand,3031
THA.43_1,THA,Thailand,3032
THA.44_1,THA,Thailand,3033
THA.45_1,THA,Thailand,3034
THA.46_1,THA,Thailand,3035
THA.47_1,THA,Thailand,3036
THA.48_1,THA,Thailand,3037
THA.49_1,THA,Thailand,3038
THA.50_1,THA,Thailand,3040
THA.51_1,THA,Thailand,3041
THA.52_1,THA,Thailand,3042
THA.53_1,THA,Thailand,3043
THA.54_1,THA,Thailand,3044
THA.55_1,THA,Thailand,3045
THA.56_1,THA,Thailand,3046
THA.57_1,THA,Thailand,3047
THA.58_1,THA,Thailand,3048
THA.59_1,THA,Thailand,3049
THA.60_1,THA,Thailand,3051
THA.61_1,THA,Thailand,3052
THA.62_1,THA,Thailand,3053
THA.63_1,THA,Thailand,3054
THA.64_1,THA,Thailand,3055
THA.65_1,THA,Thailand,3056
THA.66_1,THA,Thailand,3057
THA.67_1,THA,Thailand,3058
THA.68_1,THA,Thailand,3059
THA.69_1,THA,Thailand,3060
THA.70_1,THA,Thailand,3062
THA.71_1,THA,Thailand,3063
THA.72_1,THA,Thailand,3064
THA.73_1,THA,Thailand,3065
THA.74_1,THA,Thailand,3066
THA.75_1,THA,Thailand,3067
THA.76_1,THA,Thailand,3068
THA.77_1,THA,Thailand,3069
TJK.1_1,TJK,Tajikistan,3072
TJK.2_1,TJK,Tajikistan,3073
TJK.3_1,TJK,Tajikistan,3074
TJK.4_1,TJK,Tajikistan,3075
TJK.5_1,TJK,Tajikistan,3076
TKL.1_1,TKL,Tokelau,3077
TKL.2_1,TKL,Tokelau,3078
TKL.3_1,TKL,Tokelau,3079
TKM.1_1,TKM,Turkmenistan,3080
TKM.2_1,TKM,Turkmenistan,3081
TKM.3_1,TKM,Turkmenistan,3082
TKM.4_1,TKM,Turkmenistan,3083
TKM.5_1,TKM,Turkmenistan,3084
TKM.6_1,TKM,Turkmenistan,3085
TLS.1_1,TLS,Timor-Leste,3086
TLS.2_1,TLS,Timor-Leste,3091
TLS.3_1,TLS,Timor-Leste,3092
TLS.4_1,TLS,Timor-Leste,3093
TLS.5_1,TLS,Timor-Leste,3094
TLS.6_1,TLS,Timor-Leste,3095
TLS.7_1,TLS,Timor-Leste,3096
TLS.8_1,TLS,Timor-Leste,3097
TLS.9_1,TLS,Timor-Leste,3098
TLS.10_1,TLS,Timor-Leste,3087
TLS.11_1,TLS,Timor-Leste,3088
TLS.12_1,TLS,Timor-Leste,3089
TLS.13_1,TLS,Timor-Leste,3090
TON.1_1,TON,Tonga,3099
TON.2_1,TON,Tonga,3100
TON.3_1,TON,Tonga,3101
TON.4_1,TON,Tonga,3102
TON.5_1,TON,Tonga,3103
TTO.1_1,TTO,Trinidad and Tobago,3104
TTO.2_1,TTO,Trinidad and Tobago,3111
TTO.3_1,TTO,Trinidad and Tobago,3112
TTO.4_1,TTO,Trinidad and Tobago,3113
TTO.5_1,TTO,Trinidad and Tobago,3114
TTO.6_1,TTO,Trinidad and Tobago,3115
TTO.7_1,TTO,Trinidad and Tobago,3116
TTO.8_1,TTO,Trinidad and Tobago,3117
TTO.9_1,TTO,Trinidad and Tobago,3118
TTO.10_1,TTO,Trinidad and Tobago,3105
TTO.11_1,TTO,Trinidad and Tobago,3106
TTO.12_1,TTO,Trinidad and Tobago,3107
TTO.13_1,TTO,Trinidad and Tobago,3108
TTO.14_1,TTO,Trinidad and Tobago,3109
TTO.15_1,TTO,Trinidad and Tobago,3110
TUN.1_1,TUN,Tunisia,3119
TUN.2_1,TUN,Tunisia,3130
TUN.3_1,TUN,Tunisia,3136
TUN.4_1,TUN,Tunisia,3137
TUN.5_1,TUN,Tunisia,3138
TUN.6_1,TUN,Tunisia,3139
TUN.7_1,TUN,Tunisia,3140
TUN.8_1,TUN,Tunisia,3141
TUN.9_1,TUN,Tunisia,3142
TUN.10_1,TUN,Tunisia,3120
TUN.11_1,TUN,Tunisia,3121
TUN.12_1,TUN,Tunisia,3122
TUN.13_1,TUN,Tunisia,3123
TUN.14_1,TUN,Tunisia,3124
TUN.15_1,TUN,Tunisia,3125
TUN.16_1,TUN,Tunisia,3126
TUN.17_1,TUN,Tunisia,3127
TUN.18_1,TUN,Tunisia,3128
TUN.19_1,TUN,Tunisia,3129
TUN.20_1,TUN,Tunisia,3131
TUN.21_1,TUN,Tunisia,3132
TUN.22_1,TUN,Tunisia,3133
TUN.23_1,TUN,Tunisia,3134
TUN.24_1,TUN,Tunisia,3135
TUR.1_1,TUR,Turkey,3143
TUR.2_1,TUR,Turkey,3154
TUR.3_1,TUR,Turkey,3165
TUR.4_1,TUR,Turkey,3176
TUR.5_1,TUR,Turkey,3187
TUR.6_1,TUR,Turkey,3198
TUR.7_1,TUR,Turkey,3209
TUR.8_1,TUR,Turkey,3220
TUR.9_1,TUR,Turkey,3223
TUR.10_1,TUR,Turkey,3144
TUR.11_1,TUR,Turkey,3145
TUR.12_1,TUR,Turkey,3146
TUR.13_1,TUR,Turkey,3147
TUR.14_1,TUR,Turkey,3148
TUR.15_1,TUR,Turkey,3149
TUR.16_1,TUR,Turkey,3150
TUR.17_1,TUR,Turkey,3151
TUR.18_1,TUR,Turkey,3152
TUR.19_1,TUR,Turkey,3153
TUR.20_1,TUR,Turkey,3155
TUR.21_1,TUR,Turkey,3156
TUR.22_1,TUR,Turkey,3157
TUR.23_1,TUR,Turkey,3158
TUR.24_1,TUR,Turkey,3159
TUR.25_1,TUR,Turkey,3160
TUR.26_1,TUR,Turkey,3161
TUR.27_1,TUR,Turkey,3162
TUR.28_1,TUR,Turkey,3163
TUR.29_1,TUR,Turkey,3164
TUR.30_1,TUR,Turkey,3166
TUR.31_1,TUR,Turkey,3167
TUR.32_1,TUR,Turkey,3168
TUR.33_1,TUR,Turkey,3169
TUR.34_1,TUR,Turkey,3170
TUR.35_1,TUR,Turkey,3171
TUR.36_1,TUR,Turkey,3172
TUR.37_1,TUR,Turkey,3173
TUR.38_1,TUR,Turkey,3174
TUR.39_1,TUR,Turkey,3175
TUR.40_1,TUR,Turkey,3177
TUR.41_1,TUR,Turkey,3178
TUR.42_1,TUR,Turkey,3179
TUR.43_1,TUR,Turkey,3180
TUR.44_1,TUR,Turkey,3181
TUR.45_1,TUR,Turkey,3182
TUR.46_1,TUR,Turkey,3183
TUR.47_1,TUR,Turkey,3184
TUR.48_1,TUR,Turkey,3185
TUR.49_1,TUR,Turkey,3186
TUR.50_1,TUR,Turkey,3188
TUR.51_1,TUR,Turkey,3189
TUR.52_1,TUR,Turkey,3190
TUR.53_1,TUR,Turkey,3191
TUR.54_1,TUR,Turkey,3192
TUR.55_1,TUR,Turkey,3193
TUR.56_1,TUR,Turkey,3194
TUR.57_1,TUR,Turkey,3195
TUR.58_1,TUR,Turkey,3196
TUR.59_1,TUR,Turkey,3197
TUR.60_1,TUR,Turkey,3199
TUR.61_1,TUR,Turkey,3200
TUR.62_1,TUR,Turkey,3201
TUR.63_1,TUR,Turkey,3202
TUR.64_1,TUR,Turkey,3203
TUR.65_1,TUR,Turkey,3204
TUR.66_1,TUR,Turkey,3205
TUR.67_1,TUR,Turkey,3206
TUR.68_1,TUR,Turkey,3207
TUR.69_1,TUR,Turkey,3208
TUR.70_1,TUR,Turkey,3210
TUR.71_1,TUR,Turkey,3211
TUR.72_1,TUR,Turkey,3212
TUR.73_1,TUR,Turkey,3213
TUR.74_1,TUR,Turkey,3214
TUR.75_1,TUR,Turkey,3215
TUR.76_1,TUR,Turkey,3216
TUR.77_1,TUR,Turkey,3217
TUR.78_1,TUR,Turkey,3218
TUR.79_1,TUR,Turkey,3219
TUR.80_1,TUR,Turkey,3221
TUR.81_1,TUR,Turkey,3222
TUV.1_1,TUV,Tuvalu,3224
TUV.2_1,TUV,Tuvalu,3225
TUV.3_1,TUV,Tuvalu,3226
TUV.4_1,TUV,Tuvalu,3227
TUV.5_1,TUV,Tuvalu,3228
TUV.6_1,TUV,Tuvalu,3229
TUV.7_1,TUV,Tuvalu,3230
TUV.8_1,TUV,Tuvalu,3231
TUV.9_1,TUV,Tuvalu,3232
TWN.1_1,TWN,Taiwan,3233
TWN.2_1,TWN,Taiwan,3234
TWN.3_1,TWN,Taiwan,3235
TWN.4_1,TWN,Taiwan,3236
TWN.5_1,TWN,Taiwan,3237
TWN.6_1,TWN,Taiwan,3238
TWN.7_1,TWN,Taiwan,3239
TZA.1_1,TZA,Tanzania,3240
TZA.2_1,TZA,Tanzania,3251
TZA.3_1,TZA,Tanzania,3262
TZA.4_1,TZA,Tanzania,3264
TZA.5_1,TZA,Tanzania,3265
TZA.6_1,TZA,Tanzania,3266
TZA.7_1,TZA,Tanzania,3267
TZA.8_1,TZA,Tanzania,3268
TZA.9_1,TZA,Tanzania,3269
TZA.10_1,TZA,Tanzania,3241
TZA.11_1,TZA,Tanzania,3242
TZA.12_1,TZA,Tanzania,3243
TZA.13_1,TZA,Tanzania,3244
TZA.14_1,TZA,Tanzania,3245
TZA.15_1,TZA,Tanzania,3246
TZA.16_1,TZA,Tanzania,3247
TZA.17_1,TZA,Tanzania,3248
TZA.18_1,TZA,Tanzania,3249
TZA.19_1,TZA,Tanzania,3250
TZA.20_1,TZA,Tanzania,3252
TZA.21_1,TZA,Tanzania,3253
TZA.22_1,TZA,Tanzania,3254
TZA.23_1,TZA,Tanzania,3255
TZA.24_1,TZA,Tanzania,3256
TZA.25_1,TZA,Tanzania,3257
TZA.26_1,TZA,Tanzania,3258
TZA.27_1,TZA,Tanzania,3259
TZA.28_1,TZA,Tanzania,3260
TZA.29_1,TZA,Tanzania,3261
TZA.30_1,TZA,Tanzania,3263
UGA.1_1,UGA,Uganda,3270
UGA.2_1,UGA,Uganda,3281
UGA.3_1,UGA,Uganda,3292
UGA.4_1,UGA,Uganda,3303
UGA.5_1,UGA,Uganda,3314
UGA.6_1,UGA,Uganda,3324
UGA.7_1,UGA,Uganda,3325
UGA.8_1,UGA,Uganda,3326
UGA.9_1,UGA,Uganda,3327
UGA.10_1,UGA,Uganda,3271
UGA.11_1,UGA,Uganda,3272
UGA.12_1,UGA,Uganda,3273
UGA.13_1,UGA,Uganda,3274
UGA.14_1,UGA,Uganda,3275
UGA.15_1,UGA,Uganda,3276
UGA.16_1,UGA,Uganda,3277
UGA.17_1,UGA,Uganda,3278
UGA.18_1,UGA,Uganda,3279
UGA.19_1,UGA,Uganda,3280
UGA.20_1,UGA,Uganda,3282
UGA.21_1,UGA,Uganda,3283
UGA.22_1,UGA,Uganda,3284
UGA.23_1,UGA,Uganda,3285
UGA.24_1,UGA,Uganda,3286
UGA.25_1,UGA,Uganda,3287
UGA.26_1,UGA,Uganda,3288
UGA.27_1,UGA,Uganda,3289
UGA.28_1,UGA,Uganda,3290
UGA.29_1,UGA,Uganda,3291
UGA.30_1,UGA,Uganda,3293
UGA.31_1,UGA,Uganda,3294
UGA.32_1,UGA,Uganda,3295
UGA.33_1,UGA,Uganda,3296
UGA.34_1,UGA,Uganda,3297
UGA.35_1,UGA,Uganda,3298
UGA.36_1,UGA,Uganda,3299
UGA.37_1,UGA,Uganda,3300
UGA.38_1,UGA,Uganda,3301
UGA.39_1,UGA,Uganda,3302
UGA.40_1,UGA,Uganda,3304
UGA.41_1,UGA,Uganda,3305
UGA.42_1,UGA,Uganda,3306
UGA.43_1,UGA,Uganda,3307
UGA.44_1,UGA,Uganda,3308
UGA.45_1,UGA,Uganda,3309
UGA.46_1,UGA,Uganda,3310
UGA.47_1,UGA,Uganda,3311
UGA.48_1,UGA,Uganda,3312
UGA.49_1,UGA,Uganda,3313
UGA.50_1,UGA,Uganda,3315
UGA.51_1,UGA,Uganda,3316
UGA.52_1,UGA,Uganda,3317
UGA.53_1,UGA,Uganda,3318
UGA.54_1,UGA,Uganda,3319
UGA.55_1,UGA,Uganda,3320
UGA.56_1,UGA,Uganda,3321
UGA.57_1,UGA,Uganda,3322
UGA.58_1,UGA,Uganda,3323
UKR.1_1,UKR,Ukraine,3328
UKR.2_1,UKR,Ukraine,3339
UKR.3_1,UKR,Ukraine,3348
UKR.4_1,UKR,Ukraine,3349
UKR.5_1,UKR,Ukraine,3350
UKR.6_1,UKR,Ukraine,3351
UKR.7_1,UKR,Ukraine,3352
UKR.8_1,UKR,Ukraine,3353
UKR.9_1,UKR,Ukraine,3354
UKR.10_1,UKR,Ukraine,3329
UKR.12_1,UKR,Ukraine,3331
UKR.11_1,UKR,Ukraine,3330
UKR.13_1,UKR,Ukraine,3332
UKR.14_1,UKR,Ukraine,3333
UKR.15_1,UKR,Ukraine,3334
UKR.16_1,UKR,Ukraine,3335
UKR.17_1,UKR,Ukraine,3336
UKR.18_1,UKR,Ukraine,3337
UKR.19_1,UKR,Ukraine,3338
UKR.20_1,UKR,Ukraine,3340
UKR.21_1,UKR,Ukraine,3341
UKR.22_1,UKR,Ukraine,3342
UKR.23_1,UKR,Ukraine,3343
UKR.24_1,UKR,Ukraine,3344
UKR.25_1,UKR,Ukraine,3345
UKR.26_1,UKR,Ukraine,3346
UKR.27_1,UKR,Ukraine,3347
UMI.1_1,UMI,United States Minor Outlying Islands,3355
UMI.2_1,UMI,United States Minor Outlying Islands,3356
UMI.3_1,UMI,United States Minor Outlying Islands,3357
UMI.4_1,UMI,United States Minor Outlying Islands,3358
UMI.5_1,UMI,United States Minor Outlying Islands,3359
UMI.6_1,UMI,United States Minor Outlying Islands,3360
UMI.7_1,UMI,United States Minor Outlying Islands,3361
UMI.8_1,UMI,United States Minor Outlying Islands,3362
UMI.9_1,UMI,United States Minor Outlying Islands,3363
URY.1_1,URY,Uruguay,3364
URY.2_1,URY,Uruguay,3375
URY.3_1,URY,Uruguay,3376
URY.4_1,URY,Uruguay,3377
URY.5_1,URY,Uruguay,3378
URY.6_1,URY,Uruguay,3379
URY.7_1,URY,Uruguay,3380
URY.8_1,URY,Uruguay,3381
URY.9_1,URY,Uruguay,3382
URY.10_1,URY,Uruguay,3365
URY.11_1,URY,Uruguay,3366
URY.12_1,URY,Uruguay,3367
URY.13_1,URY,Uruguay,3368
URY.14_1,URY,Uruguay,3369
URY.15_1,URY,Uruguay,3370
URY.16_1,URY,Uruguay,3371
URY.17_1,URY,Uruguay,3372
URY.18_1,URY,Uruguay,3373
URY.19_1,URY,Uruguay,3374
USA.1_1,USA,United States,3383
USA.2_1,USA,United States,3394
USA.3_1,USA,United States,3405
USA.4_1,USA,United States,3416
USA.5_1,USA,United States,3427
USA.6_1,USA,United States,3430
USA.7_1,USA,United States,3431
USA.8_1,USA,United States,3432
USA.9_1,USA,United States,3433
USA.10_1,USA,United States,3384
USA.11_1,USA,United States,3385
USA.12_1,USA,United States,3386
USA.13_1,USA,United States,3387
USA.14_1,USA,United States,3388
USA.15_1,USA,United States,3389
USA.16_1,USA,United States,3390
USA.17_1,USA,United States,3391
USA.18_1,USA,United States,3392
USA.19_1,USA,United States,3393
USA.20_1,USA,United States,3395
USA.21_1,USA,United States,3396
USA.22_1,USA,United States,3397
USA.23_1,USA,United States,3398
USA.24_1,USA,United States,3399
USA.25_1,USA,United States,3400
USA.26_1,USA,United States,3401
USA.27_1,USA,United States,3402
USA.28_1,USA,United States,3403
USA.29_1,USA,United States,3404
USA.30_1,USA,United States,3406
USA.31_1,USA,United States,3407
USA.32_1,USA,United States,3408
USA.33_1,USA,United States,3409
USA.34_1,USA,United States,3410
USA.35_1,USA,United States,3411
USA.36_1,USA,United States,3412
USA.37_1,USA,United States,3413
USA.38_1,USA,United States,3414
USA.39_1,USA,United States,3415
USA.40_1,USA,United States,3417
USA.41_1,USA,United States,3418
USA.42_1,USA,United States,3419
USA.43_1,USA,United States,3420
USA.44_1,USA,United States,3421
USA.45_1,USA,United States,3422
USA.46_1,USA,United States,3423
USA.47_1,USA,United States,3424
USA.48_1,USA,United States,3425
USA.49_1,USA,United States,3426
USA.50_1,USA,United States,3428
USA.51_1,USA,United States,3429
UZB.1_1,UZB,Uzbekistan,3434
UZB.2_1,UZB,Uzbekistan,3440
UZB.3_1,UZB,Uzbekistan,3441
UZB.4_1,UZB,Uzbekistan,3442
UZB.5_1,UZB,Uzbekistan,3443
UZB.6_1,UZB,Uzbekistan,3444
UZB.7_1,UZB,Uzbekistan,3445
UZB.8_1,UZB,Uzbekistan,3446
UZB.9_1,UZB,Uzbekistan,3447
UZB.10_1,UZB,Uzbekistan,3435
UZB.11_1,UZB,Uzbekistan,3436
UZB.12_1,UZB,Uzbekistan,3437
UZB.14_1,UZB,Uzbekistan,3439
UZB.13_1,UZB,Uzbekistan,3438
VCT.1_1,VCT,Saint Vincent and the Grenadines,3449
VCT.2_1,VCT,Saint Vincent and the Grenadines,3450
VCT.3_1,VCT,Saint Vincent and the Grenadines,3451
VCT.4_1,VCT,Saint Vincent and the Grenadines,3452
VCT.5_1,VCT,Saint Vincent and the Grenadines,3453
VCT.6_1,VCT,Saint Vincent and the Grenadines,3454
VEN.1_1,VEN,Venezuela,3455
VEN.2_1,VEN,Venezuela,3466
VEN.3_1,VEN,Venezuela,3473
VEN.4_1,VEN,Venezuela,3474
VEN.5_1,VEN,Venezuela,3475
VEN.6_1,VEN,Venezuela,3476
VEN.7_1,VEN,Venezuela,3477
VEN.8_1,VEN,Venezuela,3478
VEN.9_1,VEN,Venezuela,3479
VEN.10_1,VEN,Venezuela,3456
VEN.11_1,VEN,Venezuela,3457
VEN.12_1,VEN,Venezuela,3458
VEN.13_1,VEN,Venezuela,3459
VEN.14_1,VEN,Venezuela,3460
VEN.15_1,VEN,Venezuela,3461
VEN.16_1,VEN,Venezuela,3462
VEN.17_1,VEN,Venezuela,3463
VEN.18_1,VEN,Venezuela,3464
VEN.19_1,VEN,Venezuela,3465
VEN.20_1,VEN,Venezuela,3467
VEN.21_1,VEN,Venezuela,3468
VEN.22_1,VEN,Venezuela,3469
VEN.23_1,VEN,Venezuela,3470
VEN.24_1,VEN,Venezuela,3471
VEN.25_1,VEN,Venezuela,3472
VGB.1_1,VGB,British Virgin Islands,3480
VGB.2_1,VGB,British Virgin Islands,3481
VGB.3_1,VGB,British Virgin Islands,3482
VGB.4_1,VGB,British Virgin Islands,3483
VGB.5_1,VGB,British Virgin Islands,3484
VIR.1_1,VIR,"Virgin Islands, U.S.",3485
VIR.2_1,VIR,"Virgin Islands, U.S.",3486
VIR.3_1,VIR,"Virgin Islands, U.S.",3487
VNM.1_1,VNM,Vietnam,3488
VNM.2_1,VNM,Vietnam,3499
VNM.3_1,VNM,Vietnam,3510
VNM.4_1,VNM,Vietnam,3521
VNM.5_1,VNM,Vietnam,3532
VNM.6_1,VNM,Vietnam,3543
VNM.7_1,VNM,Vietnam,3548
VNM.8_1,VNM,Vietnam,3549
VNM.9_1,VNM,Vietnam,3550
VNM.10_1,VNM,Vietnam,3489
VNM.11_1,VNM,Vietnam,3490
VNM.12_1,VNM,Vietnam,3491
VNM.13_1,VNM,Vietnam,3492
VNM.14_1,VNM,Vietnam,3493
VNM.15_1,VNM,Vietnam,3494
VNM.16_1,VNM,Vietnam,3495
VNM.17_1,VNM,Vietnam,3496
VNM.18_1,VNM,Vietnam,3497
VNM.19_1,VNM,Vietnam,3498
VNM.20_1,VNM,Vietnam,3500
VNM.21_1,VNM,Vietnam,3501
VNM.22_1,VNM,Vietnam,3502
VNM.23_1,VNM,Vietnam,3503
VNM.24_1,VNM,Vietnam,3504
VNM.25_1,VNM,Vietnam,3505
VNM.26_1,VNM,Vietnam,3506
VNM.27_1,VNM,Vietnam,3507
VNM.28_1,VNM,Vietnam,3508
VNM.29_1,VNM,Vietnam,3509
VNM.30_1,VNM,Vietnam,3511
VNM.31_1,VNM,Vietnam,3512
VNM.32_1,VNM,Vietnam,3513
VNM.33_1,VNM,Vietnam,3514
VNM.34_1,VNM,Vietnam,3515
VNM.35_1,VNM,Vietnam,3516
VNM.36_1,VNM,Vietnam,3517
VNM.37_1,VNM,Vietnam,3518
VNM.38_1,VNM,Vietnam,3519
VNM.39_1,VNM,Vietnam,3520
VNM.40_1,VNM,Vietnam,3522
VNM.41_1,VNM,Vietnam,3523
VNM.42_1,VNM,Vietnam,3524
VNM.43_1,VNM,Vietnam,3525
VNM.44_1,VNM,Vietnam,3526
VNM.45_1,VNM,Vietnam,3527
VNM.46_1,VNM,Vietnam,3528
VNM.47_1,VNM,Vietnam,3529
VNM.48_1,VNM,Vietnam,3530
VNM.49_1,VNM,Vietnam,3531
VNM.50_1,VNM,Vietnam,3533
VNM.51_1,VNM,Vietnam,3534
VNM.52_1,VNM,Vietnam,3535
VNM.53_1,VNM,Vietnam,3536
VNM.54_1,VNM,Vietnam,3537
VNM.55_1,VNM,Vietnam,3538
VNM.56_1,VNM,Vietnam,3539
VNM.57_1,VNM,Vietnam,3540
VNM.58_1,VNM,Vietnam,3541
VNM.59_1,VNM,Vietnam,3542
VNM.60_1,VNM,Vietnam,3544
VNM.61_1,VNM,Vietnam,3545
VNM.62_1,VNM,Vietnam,3546
VNM.63_1,VNM,Vietnam,3547
VUT.1_1,VUT,Vanuatu,3551
VUT.2_1,VUT,Vanuatu,3552
VUT.3_1,VUT,Vanuatu,3553
VUT.4_1,VUT,Vanuatu,3554
VUT.5_1,VUT,Vanuatu,3555
VUT.6_1,VUT,Vanuatu,3556
WLF.1_1,WLF,Wallis and Futuna,3557
WLF.2_1,WLF,Wallis and Futuna,3558
WLF.3_1,WLF,Wallis and Futuna,3559
WSM.1_1,WSM,Samoa,3560
WSM.2_1,WSM,Samoa,3563
WSM.3_1,WSM,Samoa,3564
WSM.4_1,WSM,Samoa,3565
WSM.5_1,WSM,Samoa,3566
WSM.6_1,WSM,Samoa,3567
WSM.7_1,WSM,Samoa,3568
WSM.8_1,WSM,Samoa,3569
WSM.9_1,WSM,Samoa,3570
WSM.10_1,WSM,Samoa,3561
WSM.11_1,WSM,Samoa,3562
XAD.1_1,XAD,Akrotiri and Dhekelia,3571
XAD.2_1,XAD,Akrotiri and Dhekelia,3572
XKO.1_1,XKO,Kosovo,3574
XKO.2_1,XKO,Kosovo,3575
XKO.3_1,XKO,Kosovo,3576
XKO.4_1,XKO,Kosovo,3577
XKO.5_1,XKO,Kosovo,3578
XKO.6_1,XKO,Kosovo,3579
XKO.7_1,XKO,Kosovo,3580
XNC.1_1,XNC,Northern Cyprus,3581
XNC.2_1,XNC,Northern Cyprus,3582
XNC.3_1,XNC,Northern Cyprus,3583
XNC.4_1,XNC,Northern Cyprus,3584
XNC.5_1,XNC,Northern Cyprus,3585
YEM.1_1,YEM,Yemen,3588
YEM.2_1,YEM,Yemen,3599
YEM.3_1,YEM,Yemen,3602
YEM.4_1,YEM,Yemen,3603
YEM.5_1,YEM,Yemen,3604
YEM.6_1,YEM,Yemen,3605
YEM.7_1,YEM,Yemen,3606
YEM.8_1,YEM,Yemen,3607
YEM.9_1,YEM,Yemen,3608
YEM.10_1,YEM,Yemen,3589
YEM.11_1,YEM,Yemen,3590
YEM.12_1,YEM,Yemen,3591
YEM.13_1,YEM,Yemen,3592
YEM.14_1,YEM,Yemen,3593
YEM.15_1,YEM,Yemen,3594
YEM.16_1,YEM,Yemen,3595
YEM.17_1,YEM,Yemen,3596
YEM.18_1,YEM,Yemen,3597
YEM.19_1,YEM,Yemen,3598
YEM.20_1,YEM,Yemen,3600
YEM.21_1,YEM,Yemen,3601
ZAF.1_1,ZAF,South Africa,3609
ZAF.2_1,ZAF,South Africa,3610
ZAF.3_1,ZAF,South Africa,3611
ZAF.4_1,ZAF,South Africa,3612
ZAF.5_1,ZAF,South Africa,3613
ZAF.6_1,ZAF,South Africa,3614
ZAF.7_1,ZAF,South Africa,3615
ZAF.8_1,ZAF,South Africa,3616
ZAF.9_1,ZAF,South Africa,3617
ZMB.1_1,ZMB,Zambia,3618
ZMB.2_1,ZMB,Zambia,3620
ZMB.3_1,ZMB,Zambia,3621
ZMB.4_1,ZMB,Zambia,3622
ZMB.5_1,ZMB,Zambia,3623
ZMB.6_1,ZMB,Zambia,3624
ZMB.7_1,ZMB,Zambia,3625
ZMB.8_1,ZMB,Zambia,3626
ZMB.9_1,ZMB,Zambia,3627
ZMB.10_1,ZMB,Zambia,3619
ZWE.1_1,ZWE,Zimbabwe,3628
ZWE.2_1,ZWE,Zimbabwe,3630
ZWE.3_1,ZWE,Zimbabwe,3631
ZWE.4_1,ZWE,Zimbabwe,3632
ZWE.5_1,ZWE,Zimbabwe,3633
ZWE.6_1,ZWE,Zimbabwe,3634
ZWE.7_1,ZWE,Zimbabwe,3635
ZWE.8_1,ZWE,Zimbabwe,3636
ZWE.9_1,ZWE,Zimbabwe,3637
ZWE.10_1,ZWE,Zimbabwe,3629
